,Dmix,Lmix,X,pressure
0,0.003,0.01,0.0021751729666666,3297818.333333333
1,0.003,0.01,0.007057364,3295707.6666666665
2,0.003,0.01,0.011916963,3289639.333333333
3,0.003,0.01,0.0143463033333333,3283907.333333333
4,0.003,0.01,0.0152962366666666,3282772.6666666665
5,0.003,0.01,0.0162630299999999,3274040.333333333
6,0.003,0.01,0.0172124966666666,3233511.6666666665
7,0.003,0.01,0.0181763066666666,3002177.333333333
8,0.003,0.01,0.01943113,2567714.0
9,0.003,0.01,0.0207825933333333,2615937.0
10,0.003,0.01,0.0221340233333333,2615793.333333333
11,0.003,0.01,0.0234854,2614268.0
12,0.003,0.01,0.0248367933333333,2704369.333333333
13,0.003,0.01,0.02618819,2753626.333333333
14,0.003,0.01,0.02751928,2686503.333333333
15,0.003,0.01,0.0293543133333333,2375782.0
16,0.003,0.01,0.0322686333333333,3137727.6666666665
17,0.003,0.01,0.0352793999999999,3406784.0
18,0.003,0.01,0.0382897433333333,3535705.333333333
19,0.003,0.01,0.0413000799999999,3612039.6666666665
20,0.003,0.01,0.0443103666666666,3661633.0
21,0.003,0.01,0.0473206333333333,3695594.0
22,0.003,0.01,0.0503308666666666,3719694.6666666665
23,0.003,0.01,0.0533410266666666,3737272.0
24,0.003,0.01,0.05635117,3750382.6666666665
25,0.003,0.01,0.05936131,3760343.0
26,0.003,0.01,0.06237146,3768027.6666666665
27,0.003,0.01,0.0653816333333333,3774034.3333333335
28,0.003,0.01,0.0683918166666666,3778788.0
29,0.003,0.01,0.0714019966666666,3782589.3333333335
30,0.003,0.01,0.0744121733333333,3785652.0
31,0.003,0.01,0.07742236,3788118.3333333335
32,0.003,0.01,0.0804326966666666,3790162.3333333335
33,0.003,0.01,0.0834434166666666,3792030.3333333335
34,0.003,0.01,0.0864542933333333,3793634.6666666665
35,0.003,0.01,0.0894647633333333,3794876.3333333335
36,0.003,0.01,0.09247509,3795897.0
37,0.003,0.01,0.09548525,3796757.0
38,0.003,0.01,0.0984953933333333,3797489.0
39,0.003,0.01,0.1015055,3798116.3333333335
40,0.003,0.01,0.1045157,3798657.6666666665
41,0.003,0.01,0.1075258333333333,3799125.3333333335
42,0.003,0.01,0.1105358666666666,3799534.6666666665
43,0.003,0.01,0.1135646333333333,3799913.3333333335
44,0.003,0.01,0.1170090333333333,3800003.6666666665
45,0.003,0.01,0.1206234666666666,3800000.0
46,0.0035,0.01,0.0020945138333333,3296115.333333333
47,0.0035,0.01,0.0068297809999999,3293053.0
48,0.0035,0.01,0.011575814,3283803.6666666665
49,0.0035,0.01,0.0143284966666666,3271603.333333333
50,0.0035,0.01,0.01543954,3263719.0
51,0.0035,0.01,0.01652114,3232139.6666666665
52,0.0035,0.01,0.0176090733333333,3098462.333333333
53,0.0035,0.01,0.0188869366666666,2748293.6666666665
54,0.0035,0.01,0.0204626233333333,2718243.6666666665
55,0.0035,0.01,0.0220416066666666,2700040.333333333
56,0.0035,0.01,0.0236205733333333,2711671.6666666665
57,0.0035,0.01,0.02519955,2729355.6666666665
58,0.0035,0.01,0.0267777733333333,2759631.0
59,0.0035,0.01,0.0284527,2836662.0
60,0.0035,0.01,0.03124911,3198404.6666666665
61,0.0035,0.01,0.03425959,3408319.333333333
62,0.0035,0.01,0.0372702333333333,3527019.333333333
63,0.0035,0.01,0.0402808466666666,3602215.6666666665
64,0.0035,0.01,0.0432913066666666,3652207.0
65,0.0035,0.01,0.0463015633333333,3686813.6666666665
66,0.0035,0.01,0.0493117099999999,3711756.3333333335
67,0.0035,0.01,0.0523217866666666,3730253.6666666665
68,0.0035,0.01,0.0553318166666666,3744256.0
69,0.0035,0.01,0.05834178,3755035.0
70,0.0035,0.01,0.0613517366666666,3763454.0
71,0.0035,0.01,0.0643616533333333,3770118.0
72,0.0035,0.01,0.0673715433333333,3775455.3333333335
73,0.0035,0.01,0.0703814233333333,3779778.6666666665
74,0.0035,0.01,0.0733913133333333,3783313.0
75,0.0035,0.01,0.0764012333333333,3786216.0
76,0.0035,0.01,0.0794112233333333,3788612.0
77,0.0035,0.01,0.0824214366666666,3790686.3333333335
78,0.0035,0.01,0.0854322366666666,3792571.3333333335
79,0.0035,0.01,0.0884430033333333,3794145.0
80,0.0035,0.01,0.0914533466666666,3795415.6666666665
81,0.0035,0.01,0.0944634533333333,3796476.6666666665
82,0.0035,0.01,0.0974734199999999,3797379.6666666665
83,0.0035,0.01,0.1004834566666666,3798154.6666666665
84,0.0035,0.01,0.1034932333333333,3798824.0
85,0.0035,0.01,0.1065029666666666,3799412.6666666665
86,0.0035,0.01,0.1095930333333333,3799896.3333333335
87,0.0035,0.01,0.1131369,3799969.3333333335
88,0.0035,0.01,0.1167513333333333,3799988.6666666665
89,0.004,0.01,0.0017827581333333,3297405.333333333
90,0.004,0.01,0.0059892646666666,3295999.333333333
91,0.004,0.01,0.010268199,3292334.333333333
92,0.004,0.01,0.01380462,3284181.0
93,0.004,0.01,0.0151853433333333,3280371.333333333
94,0.004,0.01,0.0163953633333333,3266510.333333333
95,0.004,0.01,0.0175980166666666,3217513.6666666665
96,0.004,0.01,0.0189541966666666,3154935.0
97,0.004,0.01,0.02069227,3163192.6666666665
98,0.004,0.01,0.0224980233333333,3177389.6666666665
99,0.004,0.01,0.0242754866666666,3194880.333333333
100,0.004,0.01,0.0260524,3228963.0
101,0.004,0.01,0.0278335499999999,3278641.0
102,0.004,0.01,0.0304325533333333,3394536.0
103,0.004,0.01,0.0333516133333333,3509840.0
104,0.004,0.01,0.03628158,3594552.333333333
105,0.004,0.01,0.0392109266666666,3653448.0
106,0.004,0.01,0.0421490566666666,3694288.3333333335
107,0.004,0.01,0.0450847833333333,3719781.0
108,0.004,0.01,0.0480918433333333,3737054.0
109,0.004,0.01,0.0510985833333333,3749762.0
110,0.004,0.01,0.0541051633333333,3759489.0
111,0.004,0.01,0.0571116433333333,3767099.6666666665
112,0.004,0.01,0.0601180666666666,3773143.6666666665
113,0.004,0.01,0.0631244099999999,3777994.3333333335
114,0.004,0.01,0.06613072,3781927.6666666665
115,0.004,0.01,0.0691369966666666,3785142.0
116,0.004,0.01,0.0721431566666666,3787790.6666666665
117,0.004,0.01,0.07507159,3789931.0
118,0.004,0.01,0.0780552433333333,3791751.0
119,0.004,0.01,0.08106139,3793305.6666666665
120,0.004,0.01,0.08406773,3794642.6666666665
121,0.004,0.01,0.0870741966666666,3795799.3333333335
122,0.004,0.01,0.0900807633333333,3796790.3333333335
123,0.004,0.01,0.09308717,3797633.3333333335
124,0.004,0.01,0.0960935,3798352.6666666665
125,0.004,0.01,0.0990996666666666,3798973.0
126,0.004,0.01,0.1021056666666666,3799514.3333333335
127,0.004,0.01,0.1052398333333333,3799919.0
128,0.004,0.01,0.1088171666666666,3799972.6666666665
129,0.004,0.01,0.1124316333333333,3799991.3333333335
130,0.0045,0.01,0.0017650969,3298647.333333333
131,0.0045,0.01,0.005959897,3297827.0
132,0.0045,0.01,0.0102223373333333,3295856.6666666665
133,0.0045,0.01,0.0138073933333333,3291833.333333333
134,0.0045,0.01,0.0153218,3290391.0
135,0.0045,0.01,0.0166381366666666,3285001.0
136,0.0045,0.01,0.0179456033333333,3271147.6666666665
137,0.0045,0.01,0.01967144,3267414.0
138,0.0045,0.01,0.0216745666666666,3278214.333333333
139,0.0045,0.01,0.0236911833333333,3303192.0
140,0.0045,0.01,0.0255864766666666,3391481.333333333
141,0.0045,0.01,0.0273923333333333,3496182.0
142,0.0045,0.01,0.02963516,3595331.333333333
143,0.0045,0.01,0.0324615866666666,3669514.3333333335
144,0.0045,0.01,0.0354116766666666,3705810.0
145,0.0045,0.01,0.0384198633333333,3727703.0
146,0.0045,0.01,0.04142754,3743096.0
147,0.0045,0.01,0.04443503,3754621.6666666665
148,0.0045,0.01,0.0474424166666666,3763489.3333333335
149,0.0045,0.01,0.0504497566666666,3770420.0
150,0.0045,0.01,0.0534570533333333,3775905.0
151,0.0045,0.01,0.0564642833333333,3780292.0
152,0.0045,0.01,0.0594715099999999,3783837.3333333335
153,0.0045,0.01,0.0624786699999999,3786723.0
154,0.0045,0.01,0.06548585,3789091.3333333335
155,0.0045,0.01,0.06849292,3791049.6666666665
156,0.0045,0.01,0.07149998,3792686.0
157,0.0045,0.01,0.0745071666666666,3794063.6666666665
158,0.0045,0.01,0.0775143433333333,3795231.0
159,0.0045,0.01,0.0805214633333333,3796221.0
160,0.0045,0.01,0.0835285833333333,3797066.6666666665
161,0.0045,0.01,0.0865357,3797788.6666666665
162,0.0045,0.01,0.08954281,3798409.6666666665
163,0.0045,0.01,0.0925497833333333,3798945.3333333335
164,0.0045,0.01,0.0955542266666666,3799411.6666666665
165,0.0045,0.01,0.0984631033333333,3799816.3333333335
166,0.0045,0.01,0.1017826666666666,3800011.0
167,0.0045,0.01,0.1052776333333333,3800000.0
168,0.005,0.01,0.0018536871666666,3299933.6666666665
169,0.005,0.01,0.0062651493333333,3299889.0
170,0.005,0.01,0.0106863133333333,3299780.0
171,0.005,0.01,0.0140678733333333,3299548.6666666665
172,0.005,0.01,0.01570533,3299183.6666666665
173,0.005,0.01,0.0171061266666666,3302548.333333333
174,0.005,0.01,0.0185154533333333,3302339.333333333
175,0.005,0.01,0.0204303666666666,3301475.333333333
176,0.005,0.01,0.0226159833333333,3343560.333333333
177,0.005,0.01,0.0247030133333333,3442357.0
178,0.005,0.01,0.0265842633333333,3571719.0
179,0.005,0.01,0.02827338,3677622.0
180,0.005,0.01,0.03052344,3745944.6666666665
181,0.005,0.01,0.0334266333333333,3765752.0
182,0.005,0.01,0.03641625,3773061.3333333335
183,0.005,0.01,0.03942514,3778498.6666666665
184,0.005,0.01,0.0424339666666666,3782700.6666666665
185,0.005,0.01,0.04544277,3785980.3333333335
186,0.005,0.01,0.0484515966666666,3788573.3333333335
187,0.005,0.01,0.0514604333333333,3790649.3333333335
188,0.005,0.01,0.05446926,3792323.6666666665
189,0.005,0.01,0.057478,3793688.6666666665
190,0.005,0.01,0.06048673,3794809.3333333335
191,0.005,0.01,0.0634954666666666,3795739.3333333335
192,0.005,0.01,0.06650424,3796514.3333333335
193,0.005,0.01,0.0695130066666666,3797166.0
194,0.005,0.01,0.0725217666666666,3797714.3333333335
195,0.005,0.01,0.0755304833333333,3798179.3333333335
196,0.005,0.01,0.07853915,3798575.3333333335
197,0.005,0.01,0.0814918066666666,3798907.3333333335
198,0.005,0.01,0.0844561,3799195.0
199,0.005,0.01,0.08746471,3799447.0
200,0.005,0.01,0.09047333,3799665.6666666665
201,0.005,0.01,0.0934818899999999,3799862.6666666665
202,0.005,0.01,0.0966180166666666,3800016.6666666665
203,0.005,0.01,0.1001953966666666,3800009.0
204,0.005,0.01,0.1038098666666667,3800000.0
205,0.003,0.02,0.0021751389,3298048.0
206,0.003,0.02,0.0070571653333333,3296066.6666666665
207,0.003,0.02,0.0119166476666666,3290444.333333333
208,0.003,0.02,0.0143461233333333,3284875.0
209,0.003,0.02,0.0152964533333333,3283486.6666666665
210,0.003,0.02,0.0162638766666666,3275972.0
211,0.003,0.02,0.0172130466666666,3242679.0
212,0.003,0.02,0.01817645,3060940.6666666665
213,0.003,0.02,0.0194311666666666,2854438.6666666665
214,0.003,0.02,0.0207825933333333,2913597.333333333
215,0.003,0.02,0.0221339666666666,2940242.333333333
216,0.003,0.02,0.02348536,3019164.333333333
217,0.003,0.02,0.02482327,3120227.0
218,0.003,0.02,0.0261432033333333,3168761.333333333
219,0.003,0.02,0.0274945733333333,3163079.0
220,0.003,0.02,0.0288459466666666,3132270.6666666665
221,0.003,0.02,0.0301972933333333,3091201.333333333
222,0.003,0.02,0.0315486466666666,3044066.6666666665
223,0.003,0.02,0.03290004,2990387.333333333
224,0.003,0.02,0.0342514233333333,2929401.333333333
225,0.003,0.02,0.0356028066666666,2855772.333333333
226,0.003,0.02,0.0369541833333333,2755179.0
227,0.003,0.02,0.0384392033333333,2449314.6666666665
228,0.003,0.02,0.0410639,2993272.333333333
229,0.003,0.02,0.0440744666666666,3336741.333333333
230,0.003,0.02,0.0470850833333333,3494667.6666666665
231,0.003,0.02,0.0500956,3585944.333333333
232,0.003,0.02,0.05306869,3643304.3333333335
233,0.003,0.02,0.0560162,3681832.0
234,0.003,0.02,0.05902669,3709712.3333333335
235,0.003,0.02,0.0620371466666666,3729928.0
236,0.003,0.02,0.0650475733333333,3745036.6666666665
237,0.003,0.02,0.0680579733333333,3756532.3333333335
238,0.003,0.02,0.07106838,3765305.0
239,0.003,0.02,0.0740788966666666,3772151.6666666665
240,0.003,0.02,0.0770894633333333,3777560.6666666665
241,0.003,0.02,0.0801000466666666,3781777.6666666665
242,0.003,0.02,0.0831106366666666,3785204.0
243,0.003,0.02,0.0861212266666666,3787952.3333333335
244,0.003,0.02,0.0891317833333333,3790149.6666666665
245,0.003,0.02,0.09214216,3791954.6666666665
246,0.003,0.02,0.0951525266666666,3793447.3333333335
247,0.003,0.02,0.0981629,3794687.6666666665
248,0.003,0.02,0.10117326,3795726.0
249,0.003,0.02,0.1041836333333333,3796602.0
250,0.003,0.02,0.1071938333333333,3797346.0
251,0.003,0.02,0.1102041,3797978.0
252,0.003,0.02,0.1132141666666666,3798523.0
253,0.003,0.02,0.1162242999999999,3798992.0
254,0.003,0.02,0.1192345,3799400.6666666665
255,0.003,0.02,0.1222444999999999,3799769.0
256,0.003,0.02,0.1254560666666666,3800014.3333333335
257,0.003,0.02,0.1290605,3800000.0
258,0.0035,0.02,0.0020951006999999,3296310.333333333
259,0.0035,0.02,0.0068308613333333,3292843.333333333
260,0.0035,0.02,0.0115773073333333,3283685.6666666665
261,0.0035,0.02,0.0143308566666666,3272946.6666666665
262,0.0035,0.02,0.0154402133333333,3270213.6666666665
263,0.0035,0.02,0.0165182833333333,3249933.6666666665
264,0.0035,0.02,0.01760925,3144731.333333333
265,0.0035,0.02,0.0188870866666666,2911902.333333333
266,0.0035,0.02,0.0204151733333333,2911709.0
267,0.0035,0.02,0.0219890733333333,2921615.0
268,0.0035,0.02,0.0235680466666666,2947672.0
269,0.0035,0.02,0.0251031866666666,2989707.6666666665
270,0.0035,0.02,0.0266540533333333,3045163.0
271,0.0035,0.02,0.02820014,3076166.6666666665
272,0.0035,0.02,0.0297791499999999,3081960.333333333
273,0.0035,0.02,0.03135811,3072055.0
274,0.0035,0.02,0.0329370733333333,3053842.6666666665
275,0.0035,0.02,0.0345160433333333,3031447.0
276,0.0035,0.02,0.03609501,3007200.333333333
277,0.0035,0.02,0.03763444,2977109.0
278,0.0035,0.02,0.03984936,3154040.333333333
279,0.0035,0.02,0.04285436,3387299.333333333
280,0.0035,0.02,0.04586423,3513659.0
281,0.0035,0.02,0.04887419,3592148.6666666665
282,0.0035,0.02,0.05188415,3644336.3333333335
283,0.0035,0.02,0.0548941166666666,3680647.0
284,0.0035,0.02,0.05790408,3706792.3333333335
285,0.0035,0.02,0.0609140533333333,3726138.3333333335
286,0.0035,0.02,0.0639241,3740796.6666666665
287,0.0035,0.02,0.0669341933333333,3752133.3333333335
288,0.0035,0.02,0.06994431,3761055.0
289,0.0035,0.02,0.0729545399999999,3768176.0
290,0.0035,0.02,0.0759648033333333,3773921.6666666665
291,0.0035,0.02,0.07897517,3778607.0
292,0.0035,0.02,0.0819855766666666,3782454.3333333335
293,0.0035,0.02,0.084996,3785628.0
294,0.0035,0.02,0.0880065933333333,3788243.3333333335
295,0.0035,0.02,0.09101741,3790538.6666666665
296,0.0035,0.02,0.0940282866666666,3792502.3333333335
297,0.0035,0.02,0.0970388433333333,3794037.3333333335
298,0.0035,0.02,0.1000491333333333,3795287.0
299,0.0035,0.02,0.1030593333333333,3796336.0
300,0.0035,0.02,0.1060695,3797226.0
301,0.0035,0.02,0.1090792666666666,3797987.0
302,0.0035,0.02,0.1120891666666666,3798644.6666666665
303,0.0035,0.02,0.1150991666666666,3799214.6666666665
304,0.0035,0.02,0.1181094666666666,3799733.6666666665
305,0.0035,0.02,0.1214509666666666,3799973.0
306,0.0035,0.02,0.1250654666666666,3799981.0
307,0.004,0.02,0.0017831184,3297154.0
308,0.004,0.02,0.0059900306666666,3295497.0
309,0.004,0.02,0.0102692203333333,3291433.0
310,0.004,0.02,0.0138051666666666,3282915.0
311,0.004,0.02,0.0151853566666666,3280074.6666666665
312,0.004,0.02,0.0163961066666666,3265970.333333333
313,0.004,0.02,0.01761318,3211141.333333333
314,0.004,0.02,0.0190659433333333,3142208.0
315,0.004,0.02,0.02086166,3151813.0
316,0.004,0.02,0.0226634899999999,3165865.0
317,0.004,0.02,0.0244653233333333,3182837.333333333
318,0.004,0.02,0.0262658766666666,3215492.333333333
319,0.004,0.02,0.02800937,3259551.6666666665
320,0.004,0.02,0.0297542,3300956.333333333
321,0.004,0.02,0.0315001433333333,3334571.0
322,0.004,0.02,0.0332661033333333,3358867.6666666665
323,0.004,0.02,0.0350377699999999,3373875.0
324,0.004,0.02,0.0368393466666666,3381035.6666666665
325,0.004,0.02,0.0388215,3409202.6666666665
326,0.004,0.02,0.0417462233333333,3519682.6666666665
327,0.004,0.02,0.0447530899999999,3597601.0
328,0.004,0.02,0.04775971,3648795.6666666665
329,0.004,0.02,0.0507661033333333,3684271.0
330,0.004,0.02,0.0537678299999999,3709843.6666666665
331,0.004,0.02,0.0566784366666666,3728230.6666666665
332,0.004,0.02,0.0596846699999999,3742617.6666666665
333,0.004,0.02,0.0626908866666666,3753687.6666666665
334,0.004,0.02,0.0656970466666666,3762324.3333333335
335,0.004,0.02,0.0687032033333333,3769151.3333333335
336,0.004,0.02,0.0717093533333333,3774612.6666666665
337,0.004,0.02,0.0747155133333333,3779036.0
338,0.004,0.02,0.07772169,3782656.3333333335
339,0.004,0.02,0.0807280266666666,3785649.0
340,0.004,0.02,0.0837343633333333,3788146.3333333335
341,0.004,0.02,0.0867407133333333,3790247.3333333335
342,0.004,0.02,0.08974707,3792027.6666666665
343,0.004,0.02,0.0927535799999999,3793545.3333333335
344,0.004,0.02,0.0957601466666666,3794843.0
345,0.004,0.02,0.0987667133333333,3795967.3333333335
346,0.004,0.02,0.1017733999999999,3796952.0
347,0.004,0.02,0.1047800333333333,3797803.0
348,0.004,0.02,0.1077865333333333,3798526.0
349,0.004,0.02,0.1107928666666666,3799144.3333333335
350,0.004,0.02,0.113813,3799681.6666666665
351,0.004,0.02,0.1172409999999999,3799902.3333333335
352,0.004,0.02,0.1208554333333333,3799954.6666666665
353,0.0045,0.02,0.0017651506,3298826.333333333
354,0.0045,0.02,0.005960059,3298110.333333333
355,0.0045,0.02,0.010222627,3296406.0
356,0.0045,0.02,0.0138079733333333,3292962.6666666665
357,0.0045,0.02,0.0153201833333333,3291805.6666666665
358,0.0045,0.02,0.0166338333333333,3287282.6666666665
359,0.0045,0.02,0.01793015,3276848.0
360,0.0045,0.02,0.0196548366666666,3274934.333333333
361,0.0045,0.02,0.0216178233333333,3284374.333333333
362,0.0045,0.02,0.0235990133333333,3313885.6666666665
363,0.0045,0.02,0.0254686433333333,3408026.6666666665
364,0.0045,0.02,0.02726389,3517022.6666666665
365,0.0045,0.02,0.0290835199999999,3595577.6666666665
366,0.0045,0.02,0.0309959499999999,3633637.3333333335
367,0.0045,0.02,0.0329923733333333,3643222.3333333335
368,0.0045,0.02,0.0350194766666666,3641722.0
369,0.0045,0.02,0.0370071833333333,3637248.3333333335
370,0.0045,0.02,0.03931597,3646760.6666666665
371,0.0045,0.02,0.0422096433333333,3683868.3333333335
372,0.0045,0.02,0.0452169166666666,3711068.6666666665
373,0.0045,0.02,0.04822415,3730814.6666666665
374,0.0045,0.02,0.0512313566666666,3745476.6666666665
375,0.0045,0.02,0.05423848,3756568.6666666665
376,0.0045,0.02,0.0572456,3765096.0
377,0.0045,0.02,0.0602526833333333,3771743.0
378,0.0045,0.02,0.0632596866666666,3776990.6666666665
379,0.0045,0.02,0.0662667133333333,3781181.0
380,0.0045,0.02,0.0692737166666666,3784563.3333333335
381,0.0045,0.02,0.0722807033333333,3787315.6666666665
382,0.0045,0.02,0.0752207366666666,3789529.0
383,0.0045,0.02,0.0781943866666666,3791373.6666666665
384,0.0045,0.02,0.0812012799999999,3792933.6666666665
385,0.0045,0.02,0.08420817,3794242.0
386,0.0045,0.02,0.08721507,3795344.3333333335
387,0.0045,0.02,0.09022196,3796280.3333333335
388,0.0045,0.02,0.0932288566666666,3797076.6666666665
389,0.0045,0.02,0.09623575,3797759.6666666665
390,0.0045,0.02,0.0992426733333333,3798344.6666666665
391,0.0045,0.02,0.1022495333333333,3798850.3333333335
392,0.0045,0.02,0.1052564,3799291.3333333335
393,0.0045,0.02,0.1082630333333333,3799681.0
394,0.0045,0.02,0.1115436666666666,3799909.3333333335
395,0.0045,0.02,0.1151578333333333,3799953.6666666665
396,0.005,0.02,0.0018536986666666,3299952.0
397,0.005,0.02,0.0062653256666666,3299917.6666666665
398,0.005,0.02,0.0107490683333333,3299833.0
399,0.005,0.02,0.0142265666666666,3299610.0
400,0.005,0.02,0.0158450266666666,3299175.6666666665
401,0.005,0.02,0.0172325999999999,3302996.333333333
402,0.005,0.02,0.0186554866666666,3302188.0
403,0.005,0.02,0.0205636933333333,3301818.0
404,0.005,0.02,0.02276547,3349238.6666666665
405,0.005,0.02,0.02483565,3452400.333333333
406,0.005,0.02,0.0266988033333333,3582445.0
407,0.005,0.02,0.0283096066666666,3681807.6666666665
408,0.005,0.02,0.03021348,3747262.0
409,0.005,0.02,0.0324159366666666,3759250.0
410,0.005,0.02,0.0346715899999999,3757754.6666666665
411,0.005,0.02,0.03692724,3756000.6666666665
412,0.005,0.02,0.0392369433333333,3754336.0
413,0.005,0.02,0.0421006733333333,3762808.3333333335
414,0.005,0.02,0.0451095466666666,3770906.6666666665
415,0.005,0.02,0.0481184033333333,3776953.0
416,0.005,0.02,0.0511272466666666,3781573.6666666665
417,0.005,0.02,0.0541360933333333,3785156.3333333335
418,0.005,0.02,0.05714492,3787968.3333333335
419,0.005,0.02,0.0601537733333333,3790201.3333333335
420,0.005,0.02,0.0631625866666666,3791989.0
421,0.005,0.02,0.06617136,3793436.0
422,0.005,0.02,0.0691801333333333,3794615.0
423,0.005,0.02,0.0721888899999999,3795584.0
424,0.005,0.02,0.07519766,3796384.3333333335
425,0.005,0.02,0.0782064466666666,3797052.6666666665
426,0.005,0.02,0.0812152699999999,3797611.0
427,0.005,0.02,0.0842239233333333,3798083.0
428,0.005,0.02,0.0872325366666666,3798481.6666666665
429,0.005,0.02,0.0902411599999999,3798822.0
430,0.005,0.02,0.0932497766666666,3799112.6666666665
431,0.005,0.02,0.0962583966666666,3799362.3333333335
432,0.005,0.02,0.0992669966666666,3799578.0
433,0.005,0.02,0.1022756,3799766.6666666665
434,0.005,0.02,0.1052942666666666,3799940.6666666665
435,0.005,0.02,0.1087066333333333,3799992.0
436,0.005,0.02,0.1123210666666666,3799997.6666666665
437,0.003,0.03,0.0021752222666666,3298257.333333333
438,0.003,0.03,0.0070574736666666,3296517.6666666665
439,0.003,0.03,0.0119171203333333,3291599.333333333
440,0.003,0.03,0.01434641,3287002.333333333
441,0.003,0.03,0.0152971266666666,3286364.0
442,0.003,0.03,0.0162650066666666,3280525.6666666665
443,0.003,0.03,0.0172133466666666,3252216.6666666665
444,0.003,0.03,0.01817676,3104238.0
445,0.003,0.03,0.01942621,2966074.6666666665
446,0.003,0.03,0.0207172266666666,3014626.333333333
447,0.003,0.03,0.02204418,3052580.333333333
448,0.003,0.03,0.0233955666666666,3132764.333333333
449,0.003,0.03,0.0247303033333333,3237361.333333333
450,0.003,0.03,0.0260534266666666,3292175.6666666665
451,0.003,0.03,0.0274048,3296928.0
452,0.003,0.03,0.02875617,3278597.333333333
453,0.003,0.03,0.0301075366666666,3251265.333333333
454,0.003,0.03,0.0314588766666666,3219903.333333333
455,0.003,0.03,0.0328102466666666,3186826.6666666665
456,0.003,0.03,0.0341616333333333,3152477.6666666665
457,0.003,0.03,0.0355130133333333,3116969.0
458,0.003,0.03,0.0368644033333333,3080732.6666666665
459,0.003,0.03,0.0382157933333333,3043000.333333333
460,0.003,0.03,0.0395671766666666,3003008.0
461,0.003,0.03,0.04091856,2960992.6666666665
462,0.003,0.03,0.0422699466666666,2915198.0
463,0.003,0.03,0.0436213366666666,2864290.6666666665
464,0.003,0.03,0.0449726933333333,2805416.333333333
465,0.003,0.03,0.0463240333333333,2730584.333333333
466,0.003,0.03,0.0476753833333333,2590583.0
467,0.003,0.03,0.04968529,2870128.333333333
468,0.003,0.03,0.0526692,3270331.333333333
469,0.003,0.03,0.0556794733333333,3441546.0
470,0.003,0.03,0.0586898999999999,3542297.333333333
471,0.003,0.03,0.0617003999999999,3608661.6666666665
472,0.003,0.03,0.0647109266666666,3655376.0
473,0.003,0.03,0.06772149,3689700.6666666665
474,0.003,0.03,0.07073211,3715639.0
475,0.003,0.03,0.0737427466666666,3735542.3333333335
476,0.003,0.03,0.07666723,3750426.6666666665
477,0.003,0.03,0.0796639399999999,3762017.0
478,0.003,0.03,0.0826747599999999,3770647.0
479,0.003,0.03,0.0856855499999999,3776883.6666666665
480,0.003,0.03,0.0886961833333333,3781488.0
481,0.003,0.03,0.0917067733333333,3785011.6666666665
482,0.003,0.03,0.0947173466666666,3787771.3333333335
483,0.003,0.03,0.0977277566666666,3789985.0
484,0.003,0.03,0.10073812,3791793.0
485,0.003,0.03,0.1037485,3793288.0
486,0.003,0.03,0.1067588666666666,3794533.6666666665
487,0.003,0.03,0.1097692333333333,3795578.3333333335
488,0.003,0.03,0.1127796,3796458.6666666665
489,0.003,0.03,0.1157899666666666,3797204.6666666665
490,0.003,0.03,0.1188003333333333,3797838.0
491,0.003,0.03,0.1218107,3798384.6666666665
492,0.003,0.03,0.1248210666666666,3798858.3333333335
493,0.003,0.03,0.1278314333333333,3799273.6666666665
494,0.003,0.03,0.1308418999999999,3799642.3333333335
495,0.003,0.03,0.1338889666666666,3800000.0
496,0.003,0.03,0.137376,3800032.0
497,0.003,0.03,0.1409904666666667,3800013.0
498,0.0035,0.03,0.0020949220666666,3297138.0
499,0.0035,0.03,0.0068306753333333,3294727.6666666665
500,0.0035,0.03,0.0115771343333333,3287995.6666666665
501,0.0035,0.03,0.0143315266666666,3280354.333333333
502,0.0035,0.03,0.0154417933333333,3278607.6666666665
503,0.0035,0.03,0.0165188766666666,3262395.0
504,0.0035,0.03,0.01760072,3186523.6666666665
505,0.0035,0.03,0.0187544733333333,3029894.6666666665
506,0.0035,0.03,0.0203053133333333,3033421.333333333
507,0.0035,0.03,0.02188151,3050621.6666666665
508,0.0035,0.03,0.0234577133333333,3082694.0
509,0.0035,0.03,0.0250122933333333,3144677.6666666665
510,0.0035,0.03,0.0265343966666666,3214665.6666666665
511,0.0035,0.03,0.0280821699999999,3255312.0
512,0.0035,0.03,0.0296198233333333,3268667.0
513,0.0035,0.03,0.03118209,3266505.0
514,0.0035,0.03,0.0327583133333333,3256484.333333333
515,0.0035,0.03,0.03433454,3242619.0
516,0.0035,0.03,0.0359107733333333,3226836.333333333
517,0.0035,0.03,0.0374870066666666,3210315.6666666665
518,0.0035,0.03,0.0390632366666666,3193615.0
519,0.0035,0.03,0.0406394666666666,3176944.6666666665
520,0.0035,0.03,0.0422157,3160408.6666666665
521,0.0035,0.03,0.04379193,3144058.6666666665
522,0.0035,0.03,0.0453681499999999,3127927.0
523,0.0035,0.03,0.0469443433333333,3111344.6666666665
524,0.0035,0.03,0.0487471066666666,3149403.0
525,0.0035,0.03,0.05155465,3364852.6666666665
526,0.0035,0.03,0.05456413,3499267.6666666665
527,0.0035,0.03,0.0575738933333333,3581384.333333333
528,0.0035,0.03,0.0605838333333333,3635524.0
529,0.0035,0.03,0.0635939,3673166.6666666665
530,0.0035,0.03,0.0666040433333333,3700452.0
531,0.0035,0.03,0.0696143,3720874.3333333335
532,0.0035,0.03,0.0726246166666666,3736567.6666666665
533,0.0035,0.03,0.0756350033333333,3748880.3333333335
534,0.0035,0.03,0.07864546,3758693.6666666665
535,0.0035,0.03,0.08165605,3766601.0
536,0.0035,0.03,0.08466669,3773012.6666666665
537,0.0035,0.03,0.0876774666666666,3778230.0
538,0.0035,0.03,0.09068832,3782488.3333333335
539,0.0035,0.03,0.0936884766666666,3785893.0
540,0.0035,0.03,0.0966096766666666,3788516.6666666665
541,0.0035,0.03,0.0996205066666666,3790743.3333333335
542,0.0035,0.03,0.1026311666666666,3792565.0
543,0.0035,0.03,0.1056416666666666,3794032.0
544,0.0035,0.03,0.1086520333333333,3795245.3333333335
545,0.0035,0.03,0.1116623,3796268.0
546,0.0035,0.03,0.1146725,3797139.0
547,0.0035,0.03,0.1176827,3797886.3333333335
548,0.0035,0.03,0.1206928333333333,3798532.0
549,0.0035,0.03,0.1237032333333333,3799092.6666666665
550,0.0035,0.03,0.1267135,3799592.3333333335
551,0.0035,0.03,0.1298260999999999,3800009.3333333335
552,0.0035,0.03,0.1333884333333333,3800020.0
553,0.0035,0.03,0.137003,3800008.3333333335
554,0.004,0.03,0.0017830987999999,3297807.6666666665
555,0.004,0.03,0.005989682,3296495.333333333
556,0.004,0.03,0.0102687626666666,3293274.0
557,0.004,0.03,0.0138050033333333,3286476.333333333
558,0.004,0.03,0.01518495,3283836.6666666665
559,0.004,0.03,0.0163949366666666,3273925.6666666665
560,0.004,0.03,0.0175943666666666,3237498.333333333
561,0.004,0.03,0.01903962,3191936.0
562,0.004,0.03,0.02081081,3202654.333333333
563,0.004,0.03,0.0226144266666666,3218667.333333333
564,0.004,0.03,0.0244180833333333,3243034.0
565,0.004,0.03,0.0261758133333333,3294517.333333333
566,0.004,0.03,0.0278845266666666,3361302.333333333
567,0.004,0.03,0.0295885699999999,3428713.6666666665
568,0.004,0.03,0.0313200933333333,3469510.333333333
569,0.004,0.03,0.0330800933333333,3483275.333333333
570,0.004,0.03,0.03488377,3483790.333333333
571,0.004,0.03,0.0366874233333333,3479336.0
572,0.004,0.03,0.0384910766666666,3473469.0
573,0.004,0.03,0.0402947333333333,3467420.333333333
574,0.004,0.03,0.04209838,3461515.0
575,0.004,0.03,0.0439020366666666,3455787.6666666665
576,0.004,0.03,0.0457056766666666,3450152.0
577,0.004,0.03,0.0475022566666666,3441892.333333333
578,0.004,0.03,0.0497532166666666,3494312.6666666665
579,0.004,0.03,0.0527571066666666,3581560.333333333
580,0.004,0.03,0.0557630999999999,3638181.3333333335
581,0.004,0.03,0.0586696933333333,3675867.0
582,0.004,0.03,0.0616749366666666,3703616.3333333335
583,0.004,0.03,0.06468104,3723946.0
584,0.004,0.03,0.0676871866666666,3739174.6666666665
585,0.004,0.03,0.0706933633333333,3750821.3333333335
586,0.004,0.03,0.0736996533333333,3759897.0
587,0.004,0.03,0.07670598,3767092.3333333335
588,0.004,0.03,0.0797123533333333,3772881.3333333335
589,0.004,0.03,0.0827188866666666,3777595.3333333335
590,0.004,0.03,0.08572545,3781465.6666666665
591,0.004,0.03,0.08873202,3784662.6666666665
592,0.004,0.03,0.0917385833333333,3787322.6666666665
593,0.004,0.03,0.0947452866666666,3789563.6666666665
594,0.004,0.03,0.09775208,3791492.6666666665
595,0.004,0.03,0.10075886,3793133.3333333335
596,0.004,0.03,0.1037656666666666,3794499.6666666665
597,0.004,0.03,0.1067722666666666,3795643.3333333335
598,0.004,0.03,0.1097788333333333,3796610.3333333335
599,0.004,0.03,0.1127853999999999,3797436.6666666665
600,0.004,0.03,0.1157919666666666,3798150.3333333335
601,0.004,0.03,0.1187985333333333,3798773.0
602,0.004,0.03,0.1218051,3799320.6666666665
603,0.004,0.03,0.1249032,3799773.6666666665
604,0.004,0.03,0.1283496666666667,3799900.6666666665
605,0.004,0.03,0.1319506,3799962.3333333335
606,0.0045,0.03,0.0017651105333333,3299027.6666666665
607,0.0045,0.03,0.0059599853333333,3298431.6666666665
608,0.0045,0.03,0.010222498,3297012.6666666665
609,0.0045,0.03,0.0138077566666666,3294142.333333333
610,0.0045,0.03,0.0153203366666666,3293138.6666666665
611,0.0045,0.03,0.0166326133333333,3289569.333333333
612,0.0045,0.03,0.0179130299999999,3281872.333333333
613,0.0045,0.03,0.0196152466666666,3281057.0
614,0.0045,0.03,0.02162505,3289125.0
615,0.0045,0.03,0.0236276,3326524.6666666665
616,0.0045,0.03,0.02548444,3428838.333333333
617,0.0045,0.03,0.0272533933333333,3542976.0
618,0.0045,0.03,0.0290661866666666,3624655.3333333335
619,0.0045,0.03,0.0309820566666666,3661858.0
620,0.0045,0.03,0.0329404399999999,3669238.6666666665
621,0.0045,0.03,0.03496374,3666793.6666666665
622,0.0045,0.03,0.0369908166666666,3662798.0
623,0.0045,0.03,0.0390178533333333,3658966.3333333335
624,0.0045,0.03,0.0410449166666666,3655495.0
625,0.0045,0.03,0.0430719899999999,3652350.0
626,0.0045,0.03,0.0450990666666666,3649462.6666666665
627,0.0045,0.03,0.0471261066666666,3645917.3333333335
628,0.0045,0.03,0.0495231866666666,3659640.3333333335
629,0.0045,0.03,0.0525215866666666,3694992.6666666665
630,0.0045,0.03,0.0554285499999999,3718746.6666666665
631,0.0045,0.03,0.0584355566666666,3736658.6666666665
632,0.0045,0.03,0.0614426433333333,3749997.3333333335
633,0.0045,0.03,0.0644497133333333,3760103.6666666665
634,0.0045,0.03,0.06745688,3767885.3333333335
635,0.0045,0.03,0.0704640866666666,3773963.0
636,0.0045,0.03,0.0734713,3778766.0
637,0.0045,0.03,0.07647849,3782602.6666666665
638,0.0045,0.03,0.0794856233333333,3785696.3333333335
639,0.0045,0.03,0.0824927366666666,3788209.3333333335
640,0.0045,0.03,0.0854998633333333,3790270.6666666665
641,0.0045,0.03,0.0885060033333333,3791972.3333333335
642,0.0045,0.03,0.0914138533333333,3793344.0
643,0.0045,0.03,0.0944209733333333,3794534.6666666665
644,0.0045,0.03,0.0974280966666666,3795543.3333333335
645,0.0045,0.03,0.1004352166666666,3796402.0
646,0.0045,0.03,0.1034423666666666,3797139.0
647,0.0045,0.03,0.1064494333333333,3797775.3333333335
648,0.0045,0.03,0.1094565666666666,3798327.0
649,0.0045,0.03,0.1124636666666666,3798810.0
650,0.0045,0.03,0.1154708666666666,3799235.3333333335
651,0.0045,0.03,0.1184779666666666,3799615.6666666665
652,0.0045,0.03,0.1217967999999999,3799847.6666666665
653,0.0045,0.03,0.1252930666666666,3799920.6666666665
654,0.005,0.03,0.0018535483666666,3299962.0
655,0.005,0.03,0.0062653173333333,3299936.333333333
656,0.005,0.03,0.0107495226666666,3299871.0
657,0.005,0.03,0.0142375966666666,3299668.0
658,0.005,0.03,0.0159456833333333,3298802.6666666665
659,0.005,0.03,0.0174466166666666,3303159.0
660,0.005,0.03,0.0189038666666666,3302573.6666666665
661,0.005,0.03,0.02074978,3302745.6666666665
662,0.005,0.03,0.0228933699999999,3353923.6666666665
663,0.005,0.03,0.0249551466666666,3460518.0
664,0.005,0.03,0.02680616,3590751.6666666665
665,0.005,0.03,0.02846003,3694515.6666666665
666,0.005,0.03,0.03040655,3754931.3333333335
667,0.005,0.03,0.0326291033333333,3763798.0
668,0.005,0.03,0.0348847566666666,3762133.6666666665
669,0.005,0.03,0.0371403999999999,3760491.6666666665
670,0.005,0.03,0.0393960366666666,3759250.6666666665
671,0.005,0.03,0.0416516866666666,3758262.0
672,0.005,0.03,0.0439073399999999,3757403.0
673,0.005,0.03,0.0461629899999999,3756602.3333333335
674,0.005,0.03,0.0484186266666666,3755227.0
675,0.005,0.03,0.0510601666666666,3760304.3333333335
676,0.005,0.03,0.05406896,3769326.3333333335
677,0.005,0.03,0.0570777966666666,3775821.0
678,0.005,0.03,0.0600866366666666,3780751.6666666665
679,0.005,0.03,0.0630954599999999,3784549.0
680,0.005,0.03,0.0661042333333333,3787507.3333333335
681,0.005,0.03,0.069113,3789841.0
682,0.005,0.03,0.0721217633333333,3791700.0
683,0.005,0.03,0.0751305333333333,3793194.6666666665
684,0.005,0.03,0.0781393133333333,3794408.0
685,0.005,0.03,0.0811481566666666,3795400.3333333335
686,0.005,0.03,0.0841569966666666,3796219.3333333335
687,0.005,0.03,0.0871658333333333,3796896.3333333335
688,0.005,0.03,0.09017468,3797464.6666666665
689,0.005,0.03,0.09318351,3797941.6666666665
690,0.005,0.03,0.0961923533333333,3798345.3333333335
691,0.005,0.03,0.0992011933333333,3798690.0
692,0.005,0.03,0.1022100333333333,3798985.0
693,0.005,0.03,0.1052188666666666,3799239.0
694,0.005,0.03,0.1082277333333333,3799459.3333333335
695,0.005,0.03,0.1112365666666666,3799652.6666666665
696,0.005,0.03,0.1142453666666666,3799825.3333333335
697,0.005,0.03,0.1174558666666666,3799949.3333333335
698,0.005,0.03,0.1210602,3799971.0
699,0.003,0.04,0.0021751630333333,3298479.333333333
700,0.003,0.04,0.0070572753333333,3296972.0
701,0.003,0.04,0.0119168063333333,3292669.6666666665
702,0.003,0.04,0.0143456866666666,3288580.333333333
703,0.003,0.04,0.01529873,3287883.6666666665
704,0.003,0.04,0.0162568333333333,3283057.333333333
705,0.003,0.04,0.0171865233333333,3261831.6666666665
706,0.003,0.04,0.0181468033333333,3151485.6666666665
707,0.003,0.04,0.0193912166666666,3049850.333333333
708,0.003,0.04,0.0207426433333333,3099298.333333333
709,0.003,0.04,0.0220940233333333,3155432.6666666665
710,0.003,0.04,0.0234063399999999,3249102.6666666665
711,0.003,0.04,0.0247410933333333,3355920.0
712,0.003,0.04,0.0260583033333333,3404500.6666666665
713,0.003,0.04,0.02740968,3408853.0
714,0.003,0.04,0.02876105,3394196.0
715,0.003,0.04,0.0301124166666666,3371658.333333333
716,0.003,0.04,0.03146377,3345592.6666666665
717,0.003,0.04,0.0328151533333333,3319544.333333333
718,0.003,0.04,0.0341665399999999,3294673.333333333
719,0.003,0.04,0.0355179233333333,3270213.6666666665
720,0.003,0.04,0.0368693066666666,3245492.0
721,0.003,0.04,0.0382206966666666,3220463.6666666665
722,0.003,0.04,0.0395720866666666,3195398.0
723,0.003,0.04,0.0409234666666666,3169767.0
724,0.003,0.04,0.0422748533333333,3143332.6666666665
725,0.003,0.04,0.04362624,3116148.6666666665
726,0.003,0.04,0.04497763,3088784.6666666665
727,0.003,0.04,0.04632899,3061114.333333333
728,0.003,0.04,0.04768034,3032913.333333333
729,0.003,0.04,0.0490316933333333,3003965.333333333
730,0.003,0.04,0.0503830466666666,2974351.6666666665
731,0.003,0.04,0.0517343966666666,2943116.333333333
732,0.003,0.04,0.0530857466666666,2909261.6666666665
733,0.003,0.04,0.0544371,2872454.333333333
734,0.003,0.04,0.0557884499999999,2831946.6666666665
735,0.003,0.04,0.0571398,2784784.6666666665
736,0.003,0.04,0.0586874066666666,2845169.6666666665
737,0.003,0.04,0.0614701633333333,3224419.6666666665
738,0.003,0.04,0.0644800899999999,3412076.6666666665
739,0.003,0.04,0.06749038,3519744.0
740,0.003,0.04,0.0705007733333333,3590578.6666666665
741,0.003,0.04,0.07351129,3640705.6666666665
742,0.003,0.04,0.07652185,3677866.6666666665
743,0.003,0.04,0.0795324333333333,3706282.6666666665
744,0.003,0.04,0.08254305,3728421.0
745,0.003,0.04,0.0855538199999999,3745789.0
746,0.003,0.04,0.0885437066666666,3759196.3333333335
747,0.003,0.04,0.09147533,3768970.6666666665
748,0.003,0.04,0.0944862533333333,3776140.3333333335
749,0.003,0.04,0.0974970133333333,3781134.0
750,0.003,0.04,0.1005076333333333,3784773.6666666665
751,0.003,0.04,0.1035182333333333,3787589.0
752,0.003,0.04,0.1065288,3789842.6666666665
753,0.003,0.04,0.1095392333333333,3791676.3333333335
754,0.003,0.04,0.1125495999999999,3793180.6666666665
755,0.003,0.04,0.1155599666666666,3794427.6666666665
756,0.003,0.04,0.1185703,3795470.6666666665
757,0.003,0.04,0.1215807,3796354.6666666665
758,0.003,0.04,0.1245910666666666,3797110.3333333335
759,0.003,0.04,0.1276014333333333,3797756.3333333335
760,0.003,0.04,0.1306118666666666,3798306.6666666665
761,0.003,0.04,0.1336222666666666,3798780.3333333335
762,0.003,0.04,0.1366326333333333,3799188.0
763,0.003,0.04,0.1396428333333333,3799546.0
764,0.003,0.04,0.1426531666666666,3799886.3333333335
765,0.003,0.04,0.1459355666666666,3800067.3333333335
766,0.003,0.04,0.1495493333333333,3800022.0
767,0.0035,0.04,0.0020949203666666,3297658.6666666665
768,0.0035,0.04,0.0068305706666666,3295604.0
769,0.0035,0.04,0.0115770036666666,3289990.333333333
770,0.0035,0.04,0.01433185,3283531.6666666665
771,0.0035,0.04,0.0154407199999999,3281550.6666666665
772,0.0035,0.04,0.0165213766666666,3269097.333333333
773,0.0035,0.04,0.0175950433333333,3214267.0
774,0.0035,0.04,0.0188431466666666,3105780.6666666665
775,0.0035,0.04,0.0203790133333333,3117823.0
776,0.0035,0.04,0.0219389533333333,3139018.0
777,0.0035,0.04,0.0235062266666666,3181967.0
778,0.0035,0.04,0.0250180733333333,3270848.0
779,0.0035,0.04,0.0265273033333333,3354525.0
780,0.0035,0.04,0.0280625366666666,3398956.0
781,0.0035,0.04,0.0296150966666666,3411983.333333333
782,0.0035,0.04,0.03119198,3408729.6666666665
783,0.0035,0.04,0.03276889,3398115.0
784,0.0035,0.04,0.0343458066666666,3384645.0
785,0.0035,0.04,0.0359226833333333,3370363.333333333
786,0.0035,0.04,0.03749957,3356242.333333333
787,0.0035,0.04,0.0390764833333333,3342592.333333333
788,0.0035,0.04,0.0406534,3329472.6666666665
789,0.0035,0.04,0.0422303166666666,3316859.333333333
790,0.0035,0.04,0.04380723,3304607.333333333
791,0.0035,0.04,0.0453841433333333,3292662.0
792,0.0035,0.04,0.0469610266666666,3280965.6666666665
793,0.0035,0.04,0.0485378866666666,3269473.6666666665
794,0.0035,0.04,0.0501147633333333,3258140.333333333
795,0.0035,0.04,0.0516916366666666,3246933.0
796,0.0035,0.04,0.0532685133333333,3235820.333333333
797,0.0035,0.04,0.0548453866666666,3224775.333333333
798,0.0035,0.04,0.0564222566666666,3213710.333333333
799,0.0035,0.04,0.0580456,3208695.333333333
800,0.0035,0.04,0.0605663833333333,3364217.0
801,0.0035,0.04,0.0635646999999999,3498034.333333333
802,0.0035,0.04,0.0665744599999999,3579345.333333333
803,0.0035,0.04,0.0695845833333333,3632768.3333333335
804,0.0035,0.04,0.0725947033333333,3670157.0
805,0.0035,0.04,0.07560493,3697505.3333333335
806,0.0035,0.04,0.0786153033333333,3718203.0
807,0.0035,0.04,0.0816257133333333,3734293.6666666665
808,0.0035,0.04,0.0846361766666666,3747047.0
809,0.0035,0.04,0.0876468033333333,3757296.0
810,0.0035,0.04,0.0906574366666666,3765612.6666666665
811,0.0035,0.04,0.0936682166666666,3772416.6666666665
812,0.0035,0.04,0.0966790766666666,3778022.3333333335
813,0.0035,0.04,0.0996122433333333,3782465.3333333335
814,0.0035,0.04,0.1026007999999999,3786016.6666666665
815,0.0035,0.04,0.1056117999999999,3788820.3333333335
816,0.0035,0.04,0.1086226333333333,3791035.6666666665
817,0.0035,0.04,0.1116334333333333,3792809.6666666665
818,0.0035,0.04,0.1146440666666666,3794250.6666666665
819,0.0035,0.04,0.1176546999999999,3795439.6666666665
820,0.0035,0.04,0.1206653333333333,3796428.3333333335
821,0.0035,0.04,0.123676,3797256.3333333335
822,0.0035,0.04,0.1266866999999999,3797957.6666666665
823,0.0035,0.04,0.1296975,3798559.0
824,0.0035,0.04,0.1327082333333333,3799082.0
825,0.0035,0.04,0.1357189,3799542.3333333335
826,0.0035,0.04,0.1387478666666666,3799991.6666666665
827,0.0035,0.04,0.1421924,3800072.0
828,0.0035,0.04,0.1458068666666667,3800028.6666666665
829,0.004,0.04,0.0017830613666666,3298113.6666666665
830,0.004,0.04,0.0059893983333333,3296914.333333333
831,0.004,0.04,0.010268344,3294019.6666666665
832,0.004,0.04,0.0138048366666666,3287923.333333333
833,0.004,0.04,0.0151848866666666,3285426.333333333
834,0.004,0.04,0.0163952266666666,3277209.0
835,0.004,0.04,0.0175919333333333,3248420.333333333
836,0.004,0.04,0.0190217166666666,3214330.0
837,0.004,0.04,0.0207529966666666,3226540.6666666665
838,0.004,0.04,0.0225548666666666,3245408.6666666665
839,0.004,0.04,0.02432821,3292843.6666666665
840,0.004,0.04,0.0260028,3393085.333333333
841,0.004,0.04,0.02767267,3480957.333333333
842,0.004,0.04,0.0293851933333333,3532774.0
843,0.004,0.04,0.0311513733333333,3553727.0
844,0.004,0.04,0.0329532733333333,3557164.333333333
845,0.004,0.04,0.0347551,3552952.6666666665
846,0.004,0.04,0.0365569333333333,3546405.0
847,0.004,0.04,0.03835876,3539401.6666666665
848,0.004,0.04,0.04016059,3532547.333333333
849,0.004,0.04,0.04196242,3526038.6666666665
850,0.004,0.04,0.04376425,3519876.0
851,0.004,0.04,0.04556607,3514022.333333333
852,0.004,0.04,0.04736787,3508415.0
853,0.004,0.04,0.0491696766666666,3502990.333333333
854,0.004,0.04,0.0509714833333333,3497752.6666666665
855,0.004,0.04,0.0527732899999999,3492663.333333333
856,0.004,0.04,0.05457509,3487682.6666666665
857,0.004,0.04,0.05637689,3482616.0
858,0.004,0.04,0.0582740233333333,3484778.333333333
859,0.004,0.04,0.0610433766666666,3561750.333333333
860,0.004,0.04,0.0639668499999999,3623343.0
861,0.004,0.04,0.0669725133333333,3666323.3333333335
862,0.004,0.04,0.06996798,3696552.3333333335
863,0.004,0.04,0.0728840733333333,3717879.3333333335
864,0.004,0.04,0.0758901399999999,3734308.3333333335
865,0.004,0.04,0.0788963166666666,3746881.0
866,0.004,0.04,0.0819026533333333,3756706.6666666665
867,0.004,0.04,0.0849091233333333,3764550.0
868,0.004,0.04,0.08791569,3770908.3333333335
869,0.004,0.04,0.0909223233333333,3776092.3333333335
870,0.004,0.04,0.0938702133333333,3780255.3333333335
871,0.004,0.04,0.0968356633333333,3783679.0
872,0.004,0.04,0.09984246,3786548.0
873,0.004,0.04,0.1028492333333333,3788934.0
874,0.004,0.04,0.1058560333333333,3790931.0
875,0.004,0.04,0.1088628333333333,3792614.0
876,0.004,0.04,0.1118697666666666,3794043.0
877,0.004,0.04,0.1148767666666666,3795258.6666666665
878,0.004,0.04,0.1178837666666666,3796298.3333333335
879,0.004,0.04,0.1208909333333333,3797190.6666666665
880,0.004,0.04,0.1238981999999999,3797959.6666666665
881,0.004,0.04,0.1268123,3798597.3333333335
882,0.004,0.04,0.1298123666666666,3799156.0
883,0.004,0.04,0.1328192666666666,3799651.3333333335
884,0.004,0.04,0.1360630333333333,3799969.6666666665
885,0.004,0.04,0.1396734999999999,3799991.0
886,0.0045,0.04,0.0017651202,3299189.6666666665
887,0.0045,0.04,0.0059600103333333,3298690.333333333
888,0.0045,0.04,0.0102225436666666,3297509.333333333
889,0.0045,0.04,0.0138081666666666,3295129.6666666665
890,0.0045,0.04,0.0153193566666666,3294392.6666666665
891,0.0045,0.04,0.0166268033333333,3291846.333333333
892,0.0045,0.04,0.01787775,3286790.6666666665
893,0.0045,0.04,0.0195855833333333,3286986.333333333
894,0.0045,0.04,0.0215772433333333,3294965.333333333
895,0.0045,0.04,0.02352862,3339760.333333333
896,0.0045,0.04,0.02537276,3448036.333333333
897,0.0045,0.04,0.0271238633333333,3565393.333333333
898,0.0045,0.04,0.0289238766666666,3648524.3333333335
899,0.0045,0.04,0.03083539,3684414.6666666665
900,0.0045,0.04,0.0328251033333333,3690033.6666666665
901,0.0045,0.04,0.0348521833333333,3687048.3333333335
902,0.0045,0.04,0.03687926,3683090.3333333335
903,0.0045,0.04,0.03890629,3679438.3333333335
904,0.0045,0.04,0.04093336,3676187.6666666665
905,0.0045,0.04,0.04296044,3673262.6666666665
906,0.0045,0.04,0.0449875166666666,3670585.0
907,0.0045,0.04,0.0470145533333333,3668100.0
908,0.0045,0.04,0.0490415833333333,3665775.6666666665
909,0.0045,0.04,0.05106861,3663572.3333333335
910,0.0045,0.04,0.0530956366666666,3661452.3333333335
911,0.0045,0.04,0.0551226633333333,3659392.6666666665
912,0.0045,0.04,0.0571496866666666,3656640.3333333335
913,0.0045,0.04,0.0595466966666666,3669806.6666666665
914,0.0045,0.04,0.0625181833333333,3702048.6666666665
915,0.0045,0.04,0.0654518166666666,3724147.0
916,0.0045,0.04,0.0684588166666666,3740733.6666666665
917,0.0045,0.04,0.0714658433333333,3753081.0
918,0.0045,0.04,0.07447288,3762424.3333333335
919,0.0045,0.04,0.0774799333333333,3769602.6666666665
920,0.0045,0.04,0.0804870499999999,3775198.6666666665
921,0.0045,0.04,0.08349417,3779622.0
922,0.0045,0.04,0.0865012866666666,3783163.6666666665
923,0.0045,0.04,0.0895084,3786031.0
924,0.0045,0.04,0.0925155266666666,3788379.6666666665
925,0.0045,0.04,0.0955227166666666,3790323.0
926,0.0045,0.04,0.0985300566666666,3791945.6666666665
927,0.0045,0.04,0.1015374666666666,3793312.3333333335
928,0.0045,0.04,0.1045447333333333,3794472.6666666665
929,0.0045,0.04,0.1075521333333333,3795467.0
930,0.0045,0.04,0.1105594999999999,3796322.6666666665
931,0.0045,0.04,0.1135672,3797065.0
932,0.0045,0.04,0.1165747333333333,3797713.0
933,0.0045,0.04,0.1195823,3798279.6666666665
934,0.0045,0.04,0.1225900666666666,3798777.0
935,0.0045,0.04,0.1255978666666666,3799218.0
936,0.0045,0.04,0.1286061333333333,3799615.6666666665
937,0.0045,0.04,0.1319469999999999,3799859.3333333335
938,0.0045,0.04,0.1355444,3799938.0
939,0.005,0.04,0.0018535748666666,3299969.0
940,0.005,0.04,0.0062655509999999,3299950.0
941,0.005,0.04,0.0107502093333333,3299898.6666666665
942,0.005,0.04,0.0142494466666666,3299699.333333333
943,0.005,0.04,0.0159358666666666,3298685.333333333
944,0.005,0.04,0.0173538733333333,3306671.6666666665
945,0.005,0.04,0.01874038,3301795.6666666665
946,0.005,0.04,0.0205782666666666,3300524.6666666665
947,0.005,0.04,0.02274471,3346861.0
948,0.005,0.04,0.0248326833333333,3449528.6666666665
949,0.005,0.04,0.0267044433333333,3581063.6666666665
950,0.005,0.04,0.02835195,3687881.6666666665
951,0.005,0.04,0.0302405699999999,3755364.0
952,0.005,0.04,0.0324521833333333,3767578.3333333335
953,0.005,0.04,0.03470362,3766095.6666666665
954,0.005,0.04,0.0369550566666666,3764446.6666666665
955,0.005,0.04,0.0392064866666666,3763230.0
956,0.005,0.04,0.0414579233333333,3762238.6666666665
957,0.005,0.04,0.0437093633333333,3761373.6666666665
958,0.005,0.04,0.0459607933333333,3760601.6666666665
959,0.005,0.04,0.04821221,3759900.6666666665
960,0.005,0.04,0.05046362,3759251.0
961,0.005,0.04,0.0527150233333333,3758640.0
962,0.005,0.04,0.05496643,3758046.3333333335
963,0.005,0.04,0.0572178366666666,3757426.3333333335
964,0.005,0.04,0.0595336533333333,3757024.6666666665
965,0.005,0.04,0.0624116833333333,3765603.0
966,0.005,0.04,0.0654203933333333,3773068.3333333335
967,0.005,0.04,0.06842916,3778648.6666666665
968,0.005,0.04,0.0714379333333333,3782905.0
969,0.005,0.04,0.0744467,3786195.0
970,0.005,0.04,0.0774554666666666,3788768.0
971,0.005,0.04,0.0804642966666666,3790804.6666666665
972,0.005,0.04,0.08347313,3792430.6666666665
973,0.005,0.04,0.08648198,3793746.0
974,0.005,0.04,0.0894908133333333,3794816.3333333335
975,0.005,0.04,0.0924996566666666,3795700.0
976,0.005,0.04,0.0955085,3796431.6666666665
977,0.005,0.04,0.0985173333333333,3797046.0
978,0.005,0.04,0.1015261666666666,3797563.3333333335
979,0.005,0.04,0.1045350333333333,3798005.6666666665
980,0.005,0.04,0.1075438666666666,3798385.0
981,0.005,0.04,0.1105526999999999,3798713.6666666665
982,0.005,0.04,0.1135615666666666,3798998.3333333335
983,0.005,0.04,0.1165703666666666,3799248.0
984,0.005,0.04,0.1195793,3799468.3333333335
985,0.005,0.04,0.1225883999999999,3799663.3333333335
986,0.005,0.04,0.1256113,3799846.3333333335
987,0.005,0.04,0.1290399999999999,3799931.0
988,0.005,0.04,0.1326546666666666,3799968.3333333335
989,0.003,0.05,0.0021687524666666,3298522.333333333
990,0.003,0.05,0.007049597,3297257.6666666665
991,0.003,0.05,0.0119074379999999,3293153.333333333
992,0.003,0.05,0.0143409133333333,3289114.0
993,0.003,0.05,0.01528387,3290889.333333333
994,0.003,0.05,0.0161205666666666,3288839.333333333
995,0.003,0.05,0.0169876766666666,3272919.333333333
996,0.003,0.05,0.0178464933333333,3227579.333333333
997,0.003,0.05,0.0188750266666666,3119987.6666666665
998,0.003,0.05,0.0201996633333333,3156115.0
999,0.003,0.05,0.0215499333333333,3212359.333333333
1000,0.003,0.05,0.0228615566666666,3309540.0
1001,0.003,0.05,0.02414525,3425639.333333333
1002,0.003,0.05,0.0254529433333333,3498341.333333333
1003,0.003,0.05,0.0267722766666666,3519104.6666666665
1004,0.003,0.05,0.0281224433333333,3512968.333333333
1005,0.003,0.05,0.0294725966666666,3495501.6666666665
1006,0.003,0.05,0.0308227433333333,3474078.0
1007,0.003,0.05,0.03217286,3452555.6666666665
1008,0.003,0.05,0.03352303,3432491.0
1009,0.003,0.05,0.03487317,3413687.0
1010,0.003,0.05,0.03622334,3395627.6666666665
1011,0.003,0.05,0.03757349,3378005.6666666665
1012,0.003,0.05,0.03892365,3360587.0
1013,0.003,0.05,0.04027381,3343087.0
1014,0.003,0.05,0.0416239566666666,3325347.333333333
1015,0.003,0.05,0.0429741233333333,3307517.333333333
1016,0.003,0.05,0.04432427,3289563.6666666665
1017,0.003,0.05,0.0456744366666666,3271522.6666666665
1018,0.003,0.05,0.0470245633333333,3253459.0
1019,0.003,0.05,0.0483747,3235239.333333333
1020,0.003,0.05,0.0497248366666666,3216649.0
1021,0.003,0.05,0.0510749633333333,3197691.333333333
1022,0.003,0.05,0.0524251066666666,3178210.0
1023,0.003,0.05,0.0537752433333333,3158166.333333333
1024,0.003,0.05,0.0551253699999999,3137465.6666666665
1025,0.003,0.05,0.0564755133333333,3116141.0
1026,0.003,0.05,0.0578256433333333,3094778.333333333
1027,0.003,0.05,0.05917577,3073118.333333333
1028,0.003,0.05,0.0605259233333333,3050268.0
1029,0.003,0.05,0.0618760499999999,3025858.0
1030,0.003,0.05,0.0632261133333333,3000207.6666666665
1031,0.003,0.05,0.0645762,2974210.6666666665
1032,0.003,0.05,0.0659261999999999,2947496.333333333
1033,0.003,0.05,0.0672762933333333,2919225.6666666665
1034,0.003,0.05,0.0689145933333333,3003525.0
1035,0.003,0.05,0.0716813966666666,3297820.333333333
1036,0.003,0.05,0.0745802466666666,3448797.0
1037,0.003,0.05,0.0775868366666666,3542774.6666666665
1038,0.003,0.05,0.0805962899999999,3606165.3333333335
1039,0.003,0.05,0.08360606,3651709.3333333335
1040,0.003,0.05,0.0866160899999999,3685916.0
1041,0.003,0.05,0.0895446433333333,3711706.6666666665
1042,0.003,0.05,0.0925365066666666,3732430.0
1043,0.003,0.05,0.0955472633333333,3749133.6666666665
1044,0.003,0.05,0.0984609233333333,3761807.6666666665
1045,0.003,0.05,0.1014696333333333,3771502.3333333335
1046,0.003,0.05,0.1043897333333333,3778048.6666666665
1047,0.003,0.05,0.1073919999999999,3782684.3333333335
1048,0.003,0.05,0.1104027666666666,3786061.3333333335
1049,0.003,0.05,0.1134132333333333,3788635.0
1050,0.003,0.05,0.1164235,3790677.3333333335
1051,0.003,0.05,0.1194337333333333,3792345.0
1052,0.003,0.05,0.1224438333333333,3793724.3333333335
1053,0.003,0.05,0.1254538333333333,3794871.0
1054,0.003,0.05,0.1284638333333333,3795830.3333333335
1055,0.003,0.05,0.1314738333333333,3796644.3333333335
1056,0.003,0.05,0.1344838333333333,3797336.6666666665
1057,0.003,0.05,0.1374938333333333,3797927.0
1058,0.003,0.05,0.1405035333333333,3798435.0
1059,0.003,0.05,0.1435132666666666,3798873.6666666665
1060,0.003,0.05,0.1465229333333333,3799252.6666666665
1061,0.003,0.05,0.1495326333333333,3799583.3333333335
1062,0.003,0.05,0.1525422999999999,3799893.6666666665
1063,0.003,0.05,0.1558055333333333,3800060.6666666665
1064,0.003,0.05,0.1594179999999999,3800023.3333333335
1065,0.0035,0.05,0.0020947778333333,3298051.0
1066,0.0035,0.05,0.006830245,3296388.333333333
1067,0.0035,0.05,0.0115765573333333,3291713.0
1068,0.0035,0.05,0.0143318633333333,3286167.0
1069,0.0035,0.05,0.0154396733333333,3283930.6666666665
1070,0.0035,0.05,0.0165246566666666,3273041.6666666665
1071,0.0035,0.05,0.0175902433333333,3231284.0
1072,0.0035,0.05,0.01883783,3150496.333333333
1073,0.0035,0.05,0.0203640733333333,3164451.333333333
1074,0.0035,0.05,0.0219397466666666,3188866.6666666665
1075,0.0035,0.05,0.0235090666666666,3248342.333333333
1076,0.0035,0.05,0.02501127,3352345.6666666665
1077,0.0035,0.05,0.0265156166666666,3440070.333333333
1078,0.0035,0.05,0.02803944,3484227.6666666665
1079,0.0035,0.05,0.0296105666666666,3496737.6666666665
1080,0.0035,0.05,0.0311862166666666,3493841.0
1081,0.0035,0.05,0.0327618933333333,3484569.6666666665
1082,0.0035,0.05,0.0343375666666666,3473035.333333333
1083,0.0035,0.05,0.0359131933333333,3460979.0
1084,0.0035,0.05,0.0374888733333333,3449059.333333333
1085,0.0035,0.05,0.0390645566666666,3437490.333333333
1086,0.0035,0.05,0.0406402466666666,3426252.0
1087,0.0035,0.05,0.04221593,3415262.0
1088,0.0035,0.05,0.0437916166666666,3404496.6666666665
1089,0.0035,0.05,0.0453672933333333,3393956.333333333
1090,0.0035,0.05,0.0469429299999999,3383637.0
1091,0.0035,0.05,0.0485185633333333,3373538.0
1092,0.0035,0.05,0.05009419,3363656.333333333
1093,0.0035,0.05,0.0516698266666666,3353981.0
1094,0.0035,0.05,0.05324545,3344496.0
1095,0.0035,0.05,0.0548210833333333,3335192.0
1096,0.0035,0.05,0.0563967133333333,3326106.0
1097,0.0035,0.05,0.0579723466666666,3317189.0
1098,0.0035,0.05,0.0595479733333333,3308389.333333333
1099,0.0035,0.05,0.0611236033333333,3299687.333333333
1100,0.0035,0.05,0.0626992466666666,3291068.6666666665
1101,0.0035,0.05,0.0642749266666666,3282523.0
1102,0.0035,0.05,0.0658506199999999,3274004.6666666665
1103,0.0035,0.05,0.0674263,3263388.6666666665
1104,0.0035,0.05,0.0695178966666666,3340930.6666666665
1105,0.0035,0.05,0.0724659633333333,3484454.333333333
1106,0.0035,0.05,0.07547543,3570264.333333333
1107,0.0035,0.05,0.0784855066666666,3625974.0
1108,0.0035,0.05,0.0814956233333333,3664838.6666666665
1109,0.0035,0.05,0.0845058233333333,3693239.3333333335
1110,0.0035,0.05,0.0875161799999999,3714741.3333333335
1111,0.0035,0.05,0.0905266033333333,3731510.3333333335
1112,0.0035,0.05,0.0935371833333333,3744886.3333333335
1113,0.0035,0.05,0.0965478133333333,3755714.0
1114,0.0035,0.05,0.0995584833333333,3764546.3333333335
1115,0.0035,0.05,0.1025693333333333,3771773.3333333335
1116,0.0035,0.05,0.1055549,3777620.3333333335
1117,0.0035,0.05,0.1084909666666666,3782219.6666666665
1118,0.0035,0.05,0.1115021333333333,3785951.0
1119,0.0035,0.05,0.1145133,3788865.6666666665
1120,0.0035,0.05,0.1175244,3791137.3333333335
1121,0.0035,0.05,0.1205353666666666,3792914.6666666665
1122,0.0035,0.05,0.1235461666666666,3794325.3333333335
1123,0.0035,0.05,0.1265570333333333,3795469.0
1124,0.0035,0.05,0.1294939666666666,3796393.6666666665
1125,0.0035,0.05,0.1324782,3797186.3333333335
1126,0.0035,0.05,0.135489,3797873.6666666665
1127,0.0035,0.05,0.1384994666666666,3798463.3333333335
1128,0.0035,0.05,0.1415099333333333,3798973.0
1129,0.0035,0.05,0.1445203,3799415.3333333335
1130,0.0035,0.05,0.1475307,3799827.6666666665
1131,0.0035,0.05,0.1507587666666666,3800097.6666666665
1132,0.0035,0.05,0.1543665666666666,3800036.6666666665
1133,0.004,0.05,0.0017831840666666,3298492.6666666665
1134,0.004,0.05,0.0059894496666666,3297473.6666666665
1135,0.004,0.05,0.0102684333333333,3295086.0
1136,0.004,0.05,0.01380507,3290224.6666666665
1137,0.004,0.05,0.0151850466666666,3288635.333333333
1138,0.004,0.05,0.0163956133333333,3283364.333333333
1139,0.004,0.05,0.01757729,3263828.6666666665
1140,0.004,0.05,0.0189872133333333,3241901.333333333
1141,0.004,0.05,0.02074223,3254845.333333333
1142,0.004,0.05,0.02249965,3274918.0
1143,0.004,0.05,0.0242162033333333,3346172.6666666665
1144,0.004,0.05,0.02586718,3456933.6666666665
1145,0.004,0.05,0.0275224366666666,3549328.0
1146,0.004,0.05,0.0292381099999999,3600173.6666666665
1147,0.004,0.05,0.0309799833333333,3616980.3333333335
1148,0.004,0.05,0.0327773533333333,3616853.0
1149,0.004,0.05,0.0345781266666666,3610984.0
1150,0.004,0.05,0.0363788866666666,3603910.3333333335
1151,0.004,0.05,0.0381796233333333,3597034.0
1152,0.004,0.05,0.0399803833333333,3590670.333333333
1153,0.004,0.05,0.04178115,3584769.333333333
1154,0.004,0.05,0.0435819233333333,3579262.0
1155,0.004,0.05,0.0453826733333333,3574075.333333333
1156,0.004,0.05,0.04718341,3569104.333333333
1157,0.004,0.05,0.0489841333333333,3564315.0
1158,0.004,0.05,0.0507848466666666,3559710.333333333
1159,0.004,0.05,0.0525855666666666,3555266.6666666665
1160,0.004,0.05,0.05438629,3550956.6666666665
1161,0.004,0.05,0.05618701,3546739.0
1162,0.004,0.05,0.05798773,3542616.0
1163,0.004,0.05,0.0597884533333333,3538592.333333333
1164,0.004,0.05,0.0615891666666666,3534663.0
1165,0.004,0.05,0.06338992,3530806.6666666665
1166,0.004,0.05,0.06519071,3526982.333333333
1167,0.004,0.05,0.0669914833333333,3522497.6666666665
1168,0.004,0.05,0.0690728233333333,3542080.333333333
1169,0.004,0.05,0.0719763333333333,3610765.3333333335
1170,0.004,0.05,0.0749330566666666,3657644.0
1171,0.004,0.05,0.07788743,3689703.0
1172,0.004,0.05,0.0808933633333333,3713200.0
1173,0.004,0.05,0.0838994533333333,3730570.0
1174,0.004,0.05,0.0869057233333333,3743748.0
1175,0.004,0.05,0.0899120733333333,3753977.6666666665
1176,0.004,0.05,0.09291858,3762078.0
1177,0.004,0.05,0.0959251533333333,3768597.6666666665
1178,0.004,0.05,0.09893177,3773920.6666666665
1179,0.004,0.05,0.1019385333333333,3778317.0
1180,0.004,0.05,0.1049453333333333,3781988.3333333335
1181,0.004,0.05,0.1079521999999999,3785082.0
1182,0.004,0.05,0.1109592,3787706.0
1183,0.004,0.05,0.1139662,3789942.6666666665
1184,0.004,0.05,0.1169412999999999,3791839.3333333335
1185,0.004,0.05,0.1198803666666666,3793426.3333333335
1186,0.004,0.05,0.1228877333333333,3794815.3333333335
1187,0.004,0.05,0.1258955,3795996.3333333335
1188,0.004,0.05,0.1289031666666666,3796993.0
1189,0.004,0.05,0.1319108666666666,3797814.6666666665
1190,0.004,0.05,0.1348500666666666,3798468.0
1191,0.004,0.05,0.137826,3799007.3333333335
1192,0.004,0.05,0.1408334333333333,3799473.0
1193,0.004,0.05,0.1438545666666666,3799900.0
1194,0.004,0.05,0.1472826333333333,3800034.3333333335
1195,0.004,0.05,0.1508970666666666,3800016.3333333335
1196,0.0045,0.05,0.0017651084666666,3299330.6666666665
1197,0.0045,0.05,0.0059600226666666,3298920.6666666665
1198,0.0045,0.05,0.0102225983333333,3297946.6666666665
1199,0.0045,0.05,0.0138088833333333,3295997.0
1200,0.0045,0.05,0.01532014,3295513.0
1201,0.0045,0.05,0.0166177966666666,3293799.0
1202,0.0045,0.05,0.0178422433333333,3290832.333333333
1203,0.0045,0.05,0.0195752533333333,3291549.6666666665
1204,0.0045,0.05,0.0216023666666666,3301786.0
1205,0.0045,0.05,0.0235661133333333,3360144.6666666665
1206,0.0045,0.05,0.02538272,3476364.6666666665
1207,0.0045,0.05,0.0270634133333333,3592017.333333333
1208,0.0045,0.05,0.02885376,3673902.6666666665
1209,0.0045,0.05,0.0307722033333333,3705957.3333333335
1210,0.0045,0.05,0.0327872666666666,3708994.0
1211,0.0045,0.05,0.03481435,3705618.3333333335
1212,0.0045,0.05,0.0368414133333333,3701968.3333333335
1213,0.0045,0.05,0.0388684466666666,3698738.0
1214,0.0045,0.05,0.0408955233333333,3695873.3333333335
1215,0.0045,0.05,0.0429226066666666,3693270.6666666665
1216,0.0045,0.05,0.0449496833333333,3690862.6666666665
1217,0.0045,0.05,0.0469767233333333,3688614.3333333335
1218,0.0045,0.05,0.04900375,3686493.3333333335
1219,0.0045,0.05,0.0510307799999999,3684466.3333333335
1220,0.0045,0.05,0.0530578066666666,3682510.3333333335
1221,0.0045,0.05,0.0550848333333333,3680618.0
1222,0.0045,0.05,0.0571118566666666,3678784.6666666665
1223,0.0045,0.05,0.0591388866666666,3677006.6666666665
1224,0.0045,0.05,0.0611659166666666,3675275.0
1225,0.0045,0.05,0.06319296,3673578.6666666665
1226,0.0045,0.05,0.0652200399999999,3671892.0
1227,0.0045,0.05,0.06724712,3669499.6666666665
1228,0.0045,0.05,0.0696729866666666,3682956.6666666665
1229,0.0045,0.05,0.0725998366666666,3711203.0
1230,0.0045,0.05,0.0755812933333333,3731104.3333333335
1231,0.0045,0.05,0.078588,3745816.0
1232,0.0045,0.05,0.0815948333333333,3756775.3333333335
1233,0.0045,0.05,0.0845444866666666,3764946.3333333335
1234,0.0045,0.05,0.08750843,3771259.6666666665
1235,0.0045,0.05,0.0905155133333333,3776307.0
1236,0.0045,0.05,0.0935226333333333,3780335.0
1237,0.0045,0.05,0.09652975,3783594.6666666665
1238,0.0045,0.05,0.0995370266666666,3786269.0
1239,0.0045,0.05,0.1025443333333333,3788487.6666666665
1240,0.0045,0.05,0.1055517333333333,3790351.3333333335
1241,0.0045,0.05,0.1085591666666666,3791930.6666666665
1242,0.0045,0.05,0.1115667333333333,3793279.3333333335
1243,0.0045,0.05,0.1145742666666666,3794442.3333333335
1244,0.0045,0.05,0.1175707666666666,3795447.3333333335
1245,0.0045,0.05,0.1204893666666666,3796295.3333333335
1246,0.0045,0.05,0.1234971666666666,3797060.6666666665
1247,0.0045,0.05,0.1265050666666666,3797732.0
1248,0.0045,0.05,0.1295131333333333,3798318.6666666665
1249,0.0045,0.05,0.1325213666666666,3798831.3333333335
1250,0.0045,0.05,0.1355298,3799278.0
1251,0.0045,0.05,0.1385379333333333,3799672.6666666665
1252,0.0045,0.05,0.1417947,3799913.3333333335
1253,0.0045,0.05,0.1453534666666666,3799967.3333333335
