,Dmix,Lmix,X,velocity
0,0.003,0.01,0.0023462936,5.5507843333333335
1,0.003,0.01,0.0072526063333333,7.775637000000001
2,0.003,0.01,0.012095457,13.154794333333331
3,0.003,0.01,0.0143559633333333,19.769153333333332
4,0.003,0.01,0.0151781966666666,32.47713333333334
5,0.003,0.01,0.0159583799999999,61.032500000000006
6,0.003,0.01,0.01674259,68.38214333333333
7,0.003,0.01,0.0175693,70.34479
8,0.003,0.01,0.0183558633333333,83.82299666666667
9,0.003,0.01,0.0192126133333333,98.53094
10,0.003,0.01,0.0203125066666666,137.6812
11,0.003,0.01,0.0215701266666666,142.01789999999997
12,0.003,0.01,0.0228967533333333,141.76719999999997
13,0.003,0.01,0.0242173399999999,148.7831666666667
14,0.003,0.01,0.0255270633333333,143.8084
15,0.003,0.01,0.0268585166666666,139.24083333333334
16,0.003,0.01,0.0281849366666666,140.1714333333333
17,0.003,0.01,0.0297517833333333,163.34129999999996
18,0.003,0.01,0.0325605566666666,111.82917666666668
19,0.003,0.01,0.0355702333333333,79.37623666666666
20,0.003,0.01,0.0385799,63.703606666666666
21,0.003,0.01,0.0415892833333333,53.32062666666668
22,0.003,0.01,0.0445985233333333,45.51675
23,0.003,0.01,0.04760769,39.38853666666667
24,0.003,0.01,0.05061675,34.44953666666666
25,0.003,0.01,0.05362575,30.391526666666667
26,0.003,0.01,0.0566346633333333,27.00487333333333
27,0.003,0.01,0.05964358,24.145276666666668
28,0.003,0.01,0.0625928433333333,21.756456666666672
29,0.003,0.01,0.0655609533333333,19.69793666666667
30,0.003,0.01,0.0685697266666666,17.86648333333333
31,0.003,0.01,0.07157849,16.259403333333335
32,0.003,0.01,0.07458726,14.848883333333331
33,0.003,0.01,0.0775960799999999,13.628050000000002
34,0.003,0.01,0.0806050966666666,12.62295
35,0.003,0.01,0.0836147399999999,11.766250000000005
36,0.003,0.01,0.08662496,10.85478
37,0.003,0.01,0.0896347799999999,10.096170333333331
38,0.003,0.01,0.0926441566666666,9.453632666666666
39,0.003,0.01,0.0956533399999999,8.877253
40,0.003,0.01,0.0986623466666666,8.350191333333333
41,0.003,0.01,0.1016713666666666,7.863902999999999
42,0.003,0.01,0.1046802,7.413438333333333
43,0.003,0.01,0.1076890333333333,6.995582666666666
44,0.003,0.01,0.1106978,6.606940666666668
45,0.003,0.01,0.1137063333333333,6.243971
46,0.003,0.01,0.1169881333333333,6.056319333333334
47,0.003,0.01,0.1206019333333333,6.074231999999999
48,0.0035,0.01,0.0021637805666666,7.342122000000001
49,0.0035,0.01,0.0068790116666666,10.348257666666663
50,0.0035,0.01,0.0116321176666666,17.030140000000003
51,0.0035,0.01,0.0142803533333333,26.268766666666668
52,0.0035,0.01,0.0152179366666666,46.80230666666666
53,0.0035,0.01,0.01608964,63.14304333333333
54,0.0035,0.01,0.0170149533333333,63.23927666666667
55,0.0035,0.01,0.01796658,81.59375333333334
56,0.0035,0.01,0.0189663533333333,101.93578
57,0.0035,0.01,0.0202810199999999,130.4501
58,0.0035,0.01,0.0217641333333333,130.08839999999998
59,0.0035,0.01,0.0233073299999999,137.898
60,0.0035,0.01,0.0248395133333333,139.02643333333333
61,0.0035,0.01,0.02638299,137.9445
62,0.0035,0.01,0.0279406733333333,135.18433333333334
63,0.0035,0.01,0.0297184833333333,124.58876666666666
64,0.0035,0.01,0.03260525,94.87924333333332
65,0.0035,0.01,0.0356143699999999,75.63149
66,0.0035,0.01,0.0386238033333333,62.40922333333334
67,0.0035,0.01,0.0416333166666666,52.85666333333333
68,0.0035,0.01,0.0446426333333333,45.70548
69,0.0035,0.01,0.04765175,40.14692333333333
70,0.0035,0.01,0.0506607066666666,35.64875333333334
71,0.0035,0.01,0.0536695466666666,31.90751333333333
72,0.0035,0.01,0.0566783099999999,28.74266
73,0.0035,0.01,0.059687,26.034503333333337
74,0.0035,0.01,0.06269561,23.695923333333333
75,0.0035,0.01,0.0657041566666666,21.66135000000001
76,0.0035,0.01,0.0687126966666666,19.882693333333336
77,0.0035,0.01,0.0716428366666666,18.36177666666667
78,0.0035,0.01,0.0746293866666666,16.986449999999998
79,0.0035,0.01,0.0776379333333333,15.735036666666668
80,0.0035,0.01,0.0806465933333333,14.645400000000002
81,0.0035,0.01,0.0836556533333333,13.67169
82,0.0035,0.01,0.0866651166666666,12.651866666666669
83,0.0035,0.01,0.0896745533333333,11.72539
84,0.0035,0.01,0.0926835733333333,10.967699999999995
85,0.0035,0.01,0.09569243,10.313746666666669
86,0.0035,0.01,0.09870111,9.730734000000002
87,0.0035,0.01,0.1017097333333333,9.19980733333333
88,0.0035,0.01,0.1047182333333333,8.710334333333332
89,0.0035,0.01,0.1077266666666666,8.258352666666669
90,0.0035,0.01,0.11085,7.916503666666667
91,0.0035,0.01,0.1144201333333333,7.834321666666668
92,0.0035,0.01,0.1179620333333333,7.802309666666665
93,0.004,0.01,0.0019436407333333,5.851013666666668
94,0.004,0.01,0.0061932126666666,7.842240999999999
95,0.004,0.01,0.0104796503333333,11.613345666666667
96,0.004,0.01,0.01388095,20.03314
97,0.004,0.01,0.0150452866666666,31.759336666666677
98,0.004,0.01,0.0160470166666666,68.20319666666666
99,0.004,0.01,0.0170767366666666,65.16657000000001
100,0.004,0.01,0.0181631333333333,78.57582333333333
101,0.004,0.01,0.0193556,87.20822666666666
102,0.004,0.01,0.02100773,94.25759666666669
103,0.004,0.01,0.0227687466666666,95.29507
104,0.004,0.01,0.0245600266666666,96.62890333333334
105,0.004,0.01,0.02632333,96.14296333333331
106,0.004,0.01,0.02808243,92.66613333333332
107,0.004,0.01,0.0301983599999999,83.82818333333333
108,0.004,0.01,0.03307597,67.62813666666665
109,0.004,0.01,0.03601521,54.57170000000001
110,0.004,0.01,0.0389136233333333,45.5673
111,0.004,0.01,0.0417908733333333,39.41843333333333
112,0.004,0.01,0.0446922466666666,34.881840000000004
113,0.004,0.01,0.0476991366666666,31.256646666666665
114,0.004,0.01,0.0507049266666666,28.23038
115,0.004,0.01,0.0537105933333333,25.59824333333334
116,0.004,0.01,0.0567162066666666,23.30809
117,0.004,0.01,0.05972171,21.316546666666667
118,0.004,0.01,0.0627271333333333,19.56986333333333
119,0.004,0.01,0.0657324533333333,18.02708
120,0.004,0.01,0.0687377199999999,16.657063333333337
121,0.004,0.01,0.0717429199999999,15.43545
122,0.004,0.01,0.07474811,14.34325
123,0.004,0.01,0.0777533066666666,13.366436666666663
124,0.004,0.01,0.08075853,12.493463333333333
125,0.004,0.01,0.08376375,11.705586666666669
126,0.004,0.01,0.0867513033333333,10.974103333333334
127,0.004,0.01,0.0896743033333333,10.307813
128,0.004,0.01,0.09267969,9.680792
129,0.004,0.01,0.0956849266666666,9.118775333333332
130,0.004,0.01,0.0986901233333333,8.613262333333333
131,0.004,0.01,0.1016951666666666,8.154034666666666
132,0.004,0.01,0.1047066666666667,7.750059999999999
133,0.004,0.01,0.108101,7.565531000000001
134,0.004,0.01,0.1117114333333333,7.534506666666666
135,0.0045,0.01,0.0019325170333333,4.098883666666667
136,0.0045,0.01,0.0061714913333333,5.429696333333334
137,0.0045,0.01,0.010443138,8.001693
138,0.0045,0.01,0.0138856533333333,14.512986666666668
139,0.0045,0.01,0.01517288,39.688210000000005
140,0.0045,0.01,0.0163244366666666,74.02829666666665
141,0.0045,0.01,0.01762286,73.62662000000002
142,0.0045,0.01,0.01888597,79.73512333333332
143,0.0045,0.01,0.0205564366666666,83.76689999999999
144,0.0045,0.01,0.02254271,88.55189000000001
145,0.0045,0.01,0.0244988133333333,91.01941666666669
146,0.0045,0.01,0.0264039033333333,80.17422333333334
147,0.0045,0.01,0.02825862,61.69682333333334
148,0.0045,0.01,0.0303875166666666,47.58546666666667
149,0.0045,0.01,0.0331312866666666,39.44140333333333
150,0.0045,0.01,0.03601783,35.34893999999999
151,0.0045,0.01,0.0389348066666666,31.90172333333333
152,0.0045,0.01,0.0419328433333333,28.67264
153,0.0045,0.01,0.04493972,25.81293333333333
154,0.0045,0.01,0.0479464433333333,23.328523333333337
155,0.0045,0.01,0.0509530966666666,21.17647
156,0.0045,0.01,0.0539596666666666,19.306473333333333
157,0.0045,0.01,0.05696622,17.673673333333333
158,0.0045,0.01,0.0599726833333333,16.241343333333333
159,0.0045,0.01,0.0629522866666666,14.990726666666667
160,0.0045,0.01,0.06588527,13.906453333333332
161,0.0045,0.01,0.0688916366666666,12.914676666666669
162,0.0045,0.01,0.07189799,12.02384
163,0.0045,0.01,0.07490435,11.215366666666666
164,0.0045,0.01,0.07791073,10.474889999999998
165,0.0045,0.01,0.0809171733333333,9.796086333333337
166,0.0045,0.01,0.0839235933333333,9.176614
167,0.0045,0.01,0.0869298566666666,8.613295333333332
168,0.0045,0.01,0.0899360766666666,8.101173666666664
169,0.0045,0.01,0.0929423,7.634652333333332
170,0.0045,0.01,0.0959484,7.208419
171,0.0045,0.01,0.0989136433333333,6.826777333333335
172,0.0045,0.01,0.1020464333333333,6.581584000000001
173,0.0045,0.01,0.1055465333333333,6.545415
174,0.0045,0.01,0.1091407333333333,6.527306333333333
175,0.005,0.01,0.0020400069666666,0.9429687333333334
176,0.005,0.01,0.0064925503333333,1.1992166666666668
177,0.005,0.01,0.0109866403333333,1.8601923333333328
178,0.005,0.01,0.0142599133333333,10.420974666666666
179,0.005,0.01,0.0157468933333333,77.12921333333335
180,0.005,0.01,0.0171519533333333,76.76456666666665
181,0.005,0.01,0.0185530366666666,77.34590333333334
182,0.005,0.01,0.0204177533333333,74.29723333333332
183,0.005,0.01,0.02262096,69.59524666666667
184,0.005,0.01,0.02470735,54.33789333333333
185,0.005,0.01,0.0266260533333333,30.37406
186,0.005,0.01,0.0283564733333333,15.227866666666667
187,0.005,0.01,0.0305437266666666,15.843586666666663
188,0.005,0.01,0.0334500566666666,17.951803333333334
189,0.005,0.01,0.03645929,16.949559999999998
190,0.005,0.01,0.0394680033333333,15.372883333333332
191,0.005,0.01,0.0424766,13.884933333333333
192,0.005,0.01,0.0454851633333333,12.56659
193,0.005,0.01,0.0484936833333333,11.409993333333334
194,0.005,0.01,0.0515021833333333,10.395372
195,0.005,0.01,0.0545106866666666,9.503415333333336
196,0.005,0.01,0.0575191999999999,8.717049666666668
197,0.005,0.01,0.0605277,8.021081333333333
198,0.005,0.01,0.06353619,7.401761
199,0.005,0.01,0.0665446533333333,6.847403666666668
200,0.005,0.01,0.0695531233333333,6.348490999999999
201,0.005,0.01,0.07256159,5.8972473333333335
202,0.005,0.01,0.07556999,5.487247999999999
203,0.005,0.01,0.07857834,5.113209666666666
204,0.005,0.01,0.08158673,4.770787333333333
205,0.005,0.01,0.0845950633333333,4.456363333333333
206,0.005,0.01,0.0876032466666666,4.166777
207,0.005,0.01,0.0906114133333333,3.8984593333333337
208,0.005,0.01,0.09361952,3.641562333333333
209,0.005,0.01,0.0967687233333333,3.4470183333333324
210,0.005,0.01,0.1003528333333333,3.481695
211,0.005,0.01,0.1039672666666666,3.513042
212,0.003,0.02,0.0023462587999999,5.203939999999999
213,0.003,0.02,0.0072524159999999,7.383182
214,0.003,0.02,0.0120024543333333,12.746503333333337
215,0.003,0.02,0.0143005633333333,19.41396333333333
216,0.003,0.02,0.0151306733333333,30.47450333333333
217,0.003,0.02,0.01588934,64.28924333333333
218,0.003,0.02,0.0167046633333333,66.23521
219,0.003,0.02,0.01756759,70.46202
220,0.003,0.02,0.0183558,83.28114000000001
221,0.003,0.02,0.0192215266666666,96.04282666666668
222,0.003,0.02,0.0203468733333333,120.60153333333334
223,0.003,0.02,0.02163444,116.71576666666664
224,0.003,0.02,0.0229464233333333,122.7872
225,0.003,0.02,0.0242655633333333,121.97713333333334
226,0.003,0.02,0.02556982,115.59813333333332
227,0.003,0.02,0.0268760833333333,111.24976666666666
228,0.003,0.02,0.0282179666666666,111.64966666666666
229,0.003,0.02,0.0295693499999999,113.8507
230,0.003,0.02,0.0309207233333333,116.55773333333332
231,0.003,0.02,0.0322721,119.35973333333332
232,0.003,0.02,0.0336234866666666,122.39960000000002
233,0.003,0.02,0.03497484,125.78973333333332
234,0.003,0.02,0.0363261566666666,129.89829999999998
235,0.003,0.02,0.0376774733333333,135.39213333333333
236,0.003,0.02,0.0390078066666666,149.5673
237,0.003,0.02,0.0412942033333333,132.55906666666664
238,0.003,0.02,0.0442071766666666,91.6407
239,0.003,0.02,0.04721577,67.92527666666668
240,0.003,0.02,0.0502247566666666,53.32028666666667
241,0.003,0.02,0.0532338866666666,44.00655666666667
242,0.003,0.02,0.0562430133333333,37.38184666666667
243,0.003,0.02,0.0592521566666666,32.333330000000004
244,0.003,0.02,0.0622613366666666,28.360913333333333
245,0.003,0.02,0.0652705933333333,25.16599666666667
246,0.003,0.02,0.06827993,22.552156666666665
247,0.003,0.02,0.0712893666666666,20.381826666666665
248,0.003,0.02,0.07429882,18.554796666666668
249,0.003,0.02,0.0773083699999999,17.005153333333332
250,0.003,0.02,0.0803180666666666,15.709480000000005
251,0.003,0.02,0.0832960733333333,14.600339999999996
252,0.003,0.02,0.08623752,13.584803333333332
253,0.003,0.02,0.0892472566666666,12.651673333333331
254,0.003,0.02,0.0922567633333333,11.782170000000002
255,0.003,0.02,0.0952660666666666,10.97141
256,0.003,0.02,0.0982752166666666,10.226452
257,0.003,0.02,0.1012842033333333,9.547338666666665
258,0.003,0.02,0.1042930666666666,8.931117333333335
259,0.003,0.02,0.1073019333333333,8.374917333333332
260,0.003,0.02,0.1102491999999999,7.885282666666666
261,0.003,0.02,0.1132192,7.442901
262,0.003,0.02,0.1162280333333333,7.028516333333332
263,0.003,0.02,0.1192368333333333,6.645672000000001
264,0.003,0.02,0.1222453999999999,6.287916666666667
265,0.003,0.02,0.1253244333333333,5.992097333333335
266,0.003,0.02,0.1288582333333333,5.955286333333333
267,0.003,0.02,0.1324729333333333,5.970866666666668
268,0.0035,0.02,0.0022772419333333,6.9745040000000005
269,0.0035,0.02,0.0070390853333333,9.323507
270,0.0035,0.02,0.0117832716666666,15.194196666666668
271,0.0035,0.02,0.0143362266666666,23.391630000000003
272,0.0035,0.02,0.0152507,61.11060666666667
273,0.0035,0.02,0.0161656533333333,62.70722333333334
274,0.0035,0.02,0.0171183899999999,74.80808666666668
275,0.0035,0.02,0.0180924733333333,91.28157333333333
276,0.0035,0.02,0.0193478399999999,113.07093333333334
277,0.0035,0.02,0.0209011866666666,115.23586666666668
278,0.0035,0.02,0.0224429066666666,120.68569999999998
279,0.0035,0.02,0.0239826966666666,122.131
280,0.0035,0.02,0.02551947,119.21596666666666
281,0.0035,0.02,0.0270536366666666,114.23869999999997
282,0.0035,0.02,0.0286013566666666,110.8116333333333
283,0.0035,0.02,0.0301285666666666,109.68713333333332
284,0.0035,0.02,0.0317075866666666,110.17163333333336
285,0.0035,0.02,0.0332865633333333,111.30843333333333
286,0.0035,0.02,0.0348655333333333,112.7663
287,0.0035,0.02,0.0364368833333333,114.31863333333334
288,0.0035,0.02,0.0379731766666666,115.60706666666668
289,0.0035,0.02,0.0402501733333333,100.06524333333331
290,0.0035,0.02,0.0432498333333333,79.80828666666667
291,0.0035,0.02,0.0462050733333333,66.26464
292,0.0035,0.02,0.0491665399999999,56.05159
293,0.0035,0.02,0.05217505,47.87522333333333
294,0.0035,0.02,0.05518356,41.39550666666666
295,0.0035,0.02,0.0581745166666666,36.23079333333333
296,0.0035,0.02,0.0611003566666666,32.15506666666667
297,0.0035,0.02,0.0641089766666666,28.62745
298,0.0035,0.02,0.06711767,25.64150666666667
299,0.0035,0.02,0.0701264266666666,23.103549999999995
300,0.0035,0.02,0.0731352766666666,20.937036666666657
301,0.0035,0.02,0.07614425,19.077659999999995
302,0.0035,0.02,0.0791532766666666,17.470356666666664
303,0.0035,0.02,0.0821624766666666,16.06935
304,0.0035,0.02,0.0851677033333333,14.841336666666669
305,0.0035,0.02,0.0880811699999999,13.799216666666668
306,0.0035,0.02,0.0910912333333333,12.874616666666668
307,0.0035,0.02,0.0941013833333333,12.01058
308,0.0035,0.02,0.0971111466666666,11.239163333333334
309,0.0035,0.02,0.1001204766666666,10.546863333333334
310,0.0035,0.02,0.1031295333333333,9.919105666666669
311,0.0035,0.02,0.1061384,9.346246666666667
312,0.0035,0.02,0.1091471333333333,8.820060333333332
313,0.0035,0.02,0.1121558333333333,8.334391000000002
314,0.0035,0.02,0.1151644,7.884461
315,0.0035,0.02,0.1181727333333333,7.473788999999999
316,0.0035,0.02,0.121474,7.255441666666668
317,0.0035,0.02,0.1250885333333333,7.243623
318,0.004,0.02,0.0019490312333333,6.079077333333334
319,0.004,0.02,0.0061940906666666,8.122446666666667
320,0.004,0.02,0.0104808869999999,11.95474
321,0.004,0.02,0.0138807466666666,20.641406666666672
322,0.004,0.02,0.0150389666666666,37.045543333333335
323,0.004,0.02,0.0160195633333333,56.35182333333333
324,0.004,0.02,0.01704068,62.44135333333333
325,0.004,0.02,0.0181301133333333,77.97825666666668
326,0.004,0.02,0.01935476,87.72492666666668
327,0.004,0.02,0.0209451733333333,93.69466000000004
328,0.004,0.02,0.0227121499999999,95.45774666666668
329,0.004,0.02,0.02446073,96.5354
330,0.004,0.02,0.0262457166666666,96.66911666666668
331,0.004,0.02,0.0279980733333333,93.51221000000002
332,0.004,0.02,0.0297458133333333,88.55208000000003
333,0.004,0.02,0.03149172,83.39267
334,0.004,0.02,0.0332344033333333,79.63776000000003
335,0.004,0.02,0.0349830366666666,77.67953666666668
336,0.004,0.02,0.0367492799999999,77.09328333333333
337,0.004,0.02,0.0385134966666666,77.07626333333334
338,0.004,0.02,0.0409927,69.98763333333333
339,0.004,0.02,0.0439986999999999,59.01952333333333
340,0.004,0.02,0.04700459,50.38472666666667
341,0.004,0.02,0.0500101733333333,43.87258
342,0.004,0.02,0.0530156066666666,38.69041333333334
343,0.004,0.02,0.05602094,34.410036666666656
344,0.004,0.02,0.0590261933333333,30.79911333333333
345,0.004,0.02,0.0620314166666666,27.714856666666662
346,0.004,0.02,0.0650366133333333,25.06154666666667
347,0.004,0.02,0.06804177,22.77265333333333
348,0.004,0.02,0.0709707766666666,20.84477666666667
349,0.004,0.02,0.0739516833333333,19.12724333333334
350,0.004,0.02,0.0769567233333333,17.570243333333334
351,0.004,0.02,0.07996189,16.178933333333337
352,0.004,0.02,0.0829671133333333,14.937176666666666
353,0.004,0.02,0.08597234,13.828966666666666
354,0.004,0.02,0.0889775666666666,12.838523333333333
355,0.004,0.02,0.0919829333333333,11.951293333333334
356,0.004,0.02,0.0949883733333333,11.156546666666667
357,0.004,0.02,0.0979938499999999,10.444713333333333
358,0.004,0.02,0.1009994833333333,9.800197666666666
359,0.004,0.02,0.1040051666666666,9.211894666666668
360,0.004,0.02,0.1070107666666666,8.68051
361,0.004,0.02,0.1100162666666666,8.200890666666668
362,0.004,0.02,0.1130214666666666,7.765929000000001
363,0.004,0.02,0.1161551999999999,7.447483333333335
364,0.004,0.02,0.1197326,7.386864333333333
365,0.004,0.02,0.1232793666666666,7.368994333333334
366,0.0045,0.02,0.0019325712666666,3.808056666666666
367,0.0045,0.02,0.0061716193333333,5.0398336666666665
368,0.0045,0.02,0.0104433566666666,7.424288
369,0.0045,0.02,0.0138840266666666,13.414721666666669
370,0.0045,0.02,0.0151638833333333,43.95672333333334
371,0.0045,0.02,0.0163754333333333,73.26169
372,0.0045,0.02,0.0176668833333333,74.84313666666667
373,0.0045,0.02,0.0189513233333333,79.78310000000002
374,0.0045,0.02,0.0207029899999999,83.01959666666666
375,0.0045,0.02,0.0226830233333333,88.35756999999998
376,0.0045,0.02,0.0246259666666666,88.26933333333335
377,0.0045,0.02,0.0265198866666666,73.38047666666667
378,0.0045,0.02,0.0283467333333333,54.70487666666666
379,0.0045,0.02,0.0301656933333333,45.62142000000001
380,0.0045,0.02,0.03203916,44.55685666666667
381,0.0045,0.02,0.0339824299999999,45.86669000000002
382,0.0045,0.02,0.0359961833333333,47.00842666666666
383,0.0045,0.02,0.03800278,47.68959999999999
384,0.0045,0.02,0.0402934666666666,45.65345333333333
385,0.0045,0.02,0.04318552,39.77182
386,0.0045,0.02,0.04619215,34.82968666666667
387,0.0045,0.02,0.0491987266666666,30.786113333333333
388,0.0045,0.02,0.05220527,27.422933333333336
389,0.0045,0.02,0.0552117333333333,24.58778000000001
390,0.0045,0.02,0.0582181766666666,22.17046333333333
391,0.0045,0.02,0.06122454,20.089686666666672
392,0.0045,0.02,0.06423086,18.285376666666664
393,0.0045,0.02,0.0671927566666666,16.733726666666662
394,0.0045,0.02,0.0701432666666666,15.383313333333332
395,0.0045,0.02,0.0731495766666666,14.146573333333333
396,0.0045,0.02,0.0761558166666666,13.036883333333332
397,0.0045,0.02,0.0791619933333333,12.041406666666663
398,0.0045,0.02,0.0821682166666666,11.148033333333332
399,0.0045,0.02,0.08517444,10.345972666666665
400,0.0045,0.02,0.0881806699999999,9.62656466666667
401,0.0045,0.02,0.0911763566666666,8.985037
402,0.0045,0.02,0.0940927,8.431518
403,0.0045,0.02,0.0970987,7.905469666666667
404,0.0045,0.02,0.1001047133333333,7.420090333333333
405,0.0045,0.02,0.1031107,6.973826333333333
406,0.0045,0.02,0.1061167,6.563601333333333
407,0.0045,0.02,0.1091225,6.189714
408,0.0045,0.02,0.112384,5.963135666666668
409,0.0045,0.02,0.1159966,5.927877999999999
410,0.005,0.02,0.0020440947999999,0.8088554666666666
411,0.005,0.02,0.0064930923333333,1.035091633333333
412,0.005,0.02,0.010987002,1.6015970000000002
413,0.005,0.02,0.0142492833333333,12.165571333333332
414,0.005,0.02,0.0156384166666666,106.42421666666668
415,0.005,0.02,0.01705866,98.61262333333336
416,0.005,0.02,0.0184430533333333,93.67147
417,0.005,0.02,0.0202166333333333,85.32902666666669
418,0.005,0.02,0.0224197166666666,78.53785333333333
419,0.005,0.02,0.0245289633333333,62.075903333333336
420,0.005,0.02,0.0264822866666666,36.53869
421,0.005,0.02,0.0282387966666666,18.26819
422,0.005,0.02,0.0300739066666666,16.284003333333334
423,0.005,0.02,0.0321868066666666,20.235993333333337
424,0.005,0.02,0.0344426133333333,21.993013333333334
425,0.005,0.02,0.0366982633333333,22.467096666666677
426,0.005,0.02,0.0389109966666666,22.571536666666667
427,0.005,0.02,0.0416818433333333,20.270243333333337
428,0.005,0.02,0.04462897,17.919803333333334
429,0.005,0.02,0.0476372733333333,15.929253333333332
430,0.005,0.02,0.0506455566666666,14.247926666666668
431,0.005,0.02,0.0536538366666666,12.813923333333332
432,0.005,0.02,0.0566621166666666,11.57904333333333
433,0.005,0.02,0.0596704033333333,10.506430000000002
434,0.005,0.02,0.0626786766666666,9.567951666666666
435,0.005,0.02,0.0656869233333333,8.741419000000002
436,0.005,0.02,0.0686951499999999,8.008887333333334
437,0.005,0.02,0.0717032566666666,7.355850333333334
438,0.005,0.02,0.07471135,6.770680666666667
439,0.005,0.02,0.07771941,6.244044333333333
440,0.005,0.02,0.0807273733333333,5.768481
441,0.005,0.02,0.08373532,5.338069666666668
442,0.005,0.02,0.0867432633333333,4.948242
443,0.005,0.02,0.0897512133333333,4.59574
444,0.005,0.02,0.0927105166666666,4.281787666666667
445,0.005,0.02,0.0956667966666666,3.9987896666666662
446,0.005,0.02,0.0986745266666666,3.729644666666667
447,0.005,0.02,0.1016822666666666,3.479536666666666
448,0.005,0.02,0.1046898999999999,3.2409586666666668
449,0.005,0.02,0.1080109333333333,3.1439836666666663
450,0.005,0.02,0.1116253666666666,3.1808506666666663
451,0.003,0.03,0.0023463016333333,4.923930333333333
452,0.003,0.03,0.0072526483333333,6.883410666666667
453,0.003,0.03,0.012095551,11.624707666666664
454,0.003,0.03,0.0143566133333333,17.639796666666665
455,0.003,0.03,0.0151605866666666,34.471700000000006
456,0.003,0.03,0.0159313733333333,62.49435
457,0.003,0.03,0.0167284133333333,68.70718666666667
458,0.003,0.03,0.0175891,70.91762666666666
459,0.003,0.03,0.0183771333333333,82.3988033333333
460,0.003,0.03,0.01924199,92.67716666666666
461,0.003,0.03,0.0203991833333333,111.55446666666668
462,0.003,0.03,0.0217417933333333,108.98669999999998
463,0.003,0.03,0.02305473,113.03613333333332
464,0.003,0.03,0.0243747333333333,112.15563333333333
465,0.003,0.03,0.0256745333333333,105.14023333333334
466,0.003,0.03,0.0269750866666666,101.3942
467,0.003,0.03,0.02830241,102.05106666666669
468,0.003,0.03,0.0296329433333333,103.8917
469,0.003,0.03,0.03098431,106.00546666666666
470,0.003,0.03,0.0323356933333333,108.0463
471,0.003,0.03,0.0336870766666666,109.97780000000004
472,0.003,0.03,0.0350384299999999,111.88143333333332
473,0.003,0.03,0.0363897866666666,113.8187
474,0.003,0.03,0.0377411666666666,115.7862
475,0.003,0.03,0.0390925533333333,117.83059999999998
476,0.003,0.03,0.04044394,120.01173333333332
477,0.003,0.03,0.0417953333333333,122.31316666666667
478,0.003,0.03,0.0431467133333333,124.8324
479,0.003,0.03,0.0444980999999999,127.6749
480,0.003,0.03,0.0458494866666666,130.9766
481,0.003,0.03,0.0472008533333333,135.22826666666666
482,0.003,0.03,0.0485522033333333,142.45020000000002
483,0.003,0.03,0.0503865499999999,130.29166666666666
484,0.003,0.03,0.0531947133333333,96.00883
485,0.003,0.03,0.0561127799999999,70.84910333333333
486,0.003,0.03,0.05903749,53.21456666666666
487,0.003,0.03,0.0620461633333333,41.95219
488,0.003,0.03,0.0650552233333333,34.59023666666667
489,0.003,0.03,0.0680401666666666,29.427223333333327
490,0.003,0.03,0.0709740333333333,25.64845666666666
491,0.003,0.03,0.0739840566666666,22.820876666666663
492,0.003,0.03,0.0769272166666666,20.6399
493,0.003,0.03,0.0799049599999999,19.01263
494,0.003,0.03,0.0828319966666666,17.721203333333335
495,0.003,0.03,0.0858267633333333,16.60832
496,0.003,0.03,0.08878411,15.546243333333337
497,0.003,0.03,0.0917473099999999,14.519726666666664
498,0.003,0.03,0.09475723,13.519386666666666
499,0.003,0.03,0.0977669233333333,12.569013333333334
500,0.003,0.03,0.1007764166666666,11.687456666666668
501,0.003,0.03,0.1037859,10.881466666666665
502,0.003,0.03,0.1067953666666666,10.14882833333333
503,0.003,0.03,0.1098048,9.483155666666669
504,0.003,0.03,0.1128141,8.877213
505,0.003,0.03,0.1158234,8.324945333333332
506,0.003,0.03,0.1188326,7.821861666666665
507,0.003,0.03,0.1218418333333333,7.362830666666666
508,0.003,0.03,0.1248511333333333,6.940191666666665
509,0.003,0.03,0.1278605666666666,6.545367000000001
510,0.003,0.03,0.1308699333333333,6.173435
511,0.003,0.03,0.1338789666666666,5.818640666666665
512,0.003,0.03,0.1372005666666666,5.665227666666667
513,0.003,0.03,0.1408152333333333,5.700990333333333
514,0.0035,0.03,0.0022772082333333,6.264941333333334
515,0.0035,0.03,0.0070390536666666,8.380373333333335
516,0.0035,0.03,0.0117832633333333,13.678376666666669
517,0.0035,0.03,0.0143443533333333,21.52250666666667
518,0.0035,0.03,0.015275,45.61543666666666
519,0.0035,0.03,0.01617577,60.91366
520,0.0035,0.03,0.0171239533333333,62.8746
521,0.0035,0.03,0.0180742066666666,78.05640666666666
522,0.0035,0.03,0.01906521,89.48960999999998
523,0.0035,0.03,0.0203932699999999,104.88676666666666
524,0.0035,0.03,0.0219634133333333,106.68293333333332
525,0.0035,0.03,0.02348841,110.96063333333332
526,0.0035,0.03,0.0250297,111.30566666666664
527,0.0035,0.03,0.0265522366666666,105.82833333333332
528,0.0035,0.03,0.0280700066666666,99.3051833333333
529,0.0035,0.03,0.0295917866666666,95.84536666666666
530,0.0035,0.03,0.0311366966666666,95.31335
531,0.0035,0.03,0.0326851433333333,95.94962
532,0.0035,0.03,0.0342613766666666,97.03455666666667
533,0.0035,0.03,0.0358376099999999,98.13827666666666
534,0.0035,0.03,0.03741384,99.19084999999995
535,0.0035,0.03,0.03899007,100.19975666666666
536,0.0035,0.03,0.0405663,101.20003333333332
537,0.0035,0.03,0.0421425333333333,102.1826
538,0.0035,0.03,0.0437187633333333,103.15053333333331
539,0.0035,0.03,0.0452949999999999,104.10246666666666
540,0.0035,0.03,0.04687121,105.0361666666667
541,0.0035,0.03,0.0484473966666666,105.99623333333334
542,0.0035,0.03,0.0503744966666666,98.24383333333331
543,0.0035,0.03,0.0532812799999999,80.15934666666666
544,0.0035,0.03,0.05624211,67.19123
545,0.0035,0.03,0.0591538433333333,56.60186333333333
546,0.0035,0.03,0.0621620333333333,47.27909
547,0.0035,0.03,0.0650999133333333,40.16503333333333
548,0.0035,0.03,0.06807863,34.571396666666665
549,0.0035,0.03,0.0710873366666666,30.071436666666667
550,0.0035,0.03,0.07409625,26.48692666666667
551,0.0035,0.03,0.07710535,23.58584333333334
552,0.0035,0.03,0.0801119366666666,21.19084333333333
553,0.0035,0.03,0.08302385,19.227626666666666
554,0.0035,0.03,0.0860336199999999,17.576523333333334
555,0.0035,0.03,0.08904367,16.203803333333337
556,0.0035,0.03,0.0920086666666666,15.009746666666665
557,0.0035,0.03,0.0949640033333333,13.967629999999998
558,0.0035,0.03,0.09797431,13.060956666666668
559,0.0035,0.03,0.1009844766666666,12.21801
560,0.0035,0.03,0.1039943666666666,11.429446666666664
561,0.0035,0.03,0.1070036,10.732916666666666
562,0.0035,0.03,0.1100128333333333,10.089462333333332
563,0.0035,0.03,0.1130221,9.494882666666664
564,0.0035,0.03,0.1160312666666666,8.949332666666667
565,0.0035,0.03,0.1190403999999999,8.449425666666667
566,0.0035,0.03,0.1220497,7.989224333333333
567,0.0035,0.03,0.1250589333333333,7.564531
568,0.0035,0.03,0.1280680666666666,7.173687666666666
569,0.0035,0.03,0.1311688333333333,6.901553333333334
570,0.0035,0.03,0.1346820333333333,6.894038999999999
571,0.0035,0.03,0.1382967333333333,6.930832666666666
572,0.004,0.03,0.0019447336666666,5.324541666666668
573,0.004,0.03,0.0061935163333333,7.113407333333332
574,0.004,0.03,0.0104801023333333,10.510155666666666
575,0.004,0.03,0.0138810966666666,18.28120333333333
576,0.004,0.03,0.01506007,31.479536666666665
577,0.004,0.03,0.01608952,71.48123000000001
578,0.004,0.03,0.0172003366666666,68.59767000000001
579,0.004,0.03,0.0183006533333333,80.19743
580,0.004,0.03,0.0195151633333333,86.37169333333333
581,0.004,0.03,0.0211940366666666,91.34753333333332
582,0.004,0.03,0.0229531,92.32270666666668
583,0.004,0.03,0.02473627,93.41105
584,0.004,0.03,0.0264854933333333,91.64185
585,0.004,0.03,0.0282145366666666,85.81785333333332
586,0.004,0.03,0.0299192699999999,76.96863333333334
587,0.004,0.03,0.0316105033333333,70.75731666666667
588,0.004,0.03,0.0333259866666666,69.13090666666666
589,0.004,0.03,0.0350892633333333,69.58223666666667
590,0.004,0.03,0.0368427,70.35707000000001
591,0.004,0.03,0.0386365433333333,71.05722666666666
592,0.004,0.03,0.0404401966666666,71.63725666666666
593,0.004,0.03,0.0422438466666666,72.10501666666667
594,0.004,0.03,0.0440475033333333,72.50127
595,0.004,0.03,0.0458511566666666,72.85915
596,0.004,0.03,0.0476547799999999,73.21464
597,0.004,0.03,0.0495880433333333,72.02248666666667
598,0.004,0.03,0.0524095733333333,62.230086666666665
599,0.004,0.03,0.0553258899999999,53.73678333333334
600,0.004,0.03,0.0583309166666666,46.66938333333333
601,0.004,0.03,0.06130314,40.822046666666665
602,0.004,0.03,0.06424073,35.99192000000001
603,0.004,0.03,0.0672457,31.70379
604,0.004,0.03,0.0702506833333333,28.064186666666675
605,0.004,0.03,0.0732038133333333,25.07172333333333
606,0.004,0.03,0.07616065,22.562503333333336
607,0.004,0.03,0.07916586,20.345436666666664
608,0.004,0.03,0.0821711233333333,18.44137
609,0.004,0.03,0.0851765499999999,16.80712
610,0.004,0.03,0.0881820033333333,15.399210000000004
611,0.004,0.03,0.0911874766666666,14.178153333333332
612,0.004,0.03,0.0941931266666666,13.1095
613,0.004,0.03,0.0971989133333333,12.163146666666668
614,0.004,0.03,0.1002047866666666,11.319506666666664
615,0.004,0.03,0.1032029,10.569193333333336
616,0.004,0.03,0.1061163999999999,9.911397666666666
617,0.004,0.03,0.1091220666666666,9.305942
618,0.004,0.03,0.1121277333333333,8.755479666666666
619,0.004,0.03,0.1151334333333333,8.250992
620,0.004,0.03,0.1181390666666666,7.78699
621,0.004,0.03,0.1211447333333333,7.359597666666667
622,0.004,0.03,0.1241503666666666,6.971937333333334
623,0.004,0.03,0.1274306666666666,6.759119666666667
624,0.004,0.03,0.1310363333333333,6.765901666666666
625,0.0045,0.03,0.001932264,3.458175333333334
626,0.0045,0.03,0.006171523,4.581805999999999
627,0.0045,0.03,0.0104431946666666,6.752540333333335
628,0.0045,0.03,0.01388459,12.231497333333332
629,0.0045,0.03,0.0151383633333333,66.63622333333333
630,0.0045,0.03,0.0163007399999999,108.91243333333335
631,0.0045,0.03,0.01754756,99.81962333333334
632,0.0045,0.03,0.0187859633333333,96.70232
633,0.0045,0.03,0.0203818533333333,94.7061
634,0.0045,0.03,0.0222825366666666,96.83549333333332
635,0.0045,0.03,0.02422466,95.86803333333332
636,0.0045,0.03,0.0261338866666666,81.18570999999999
637,0.0045,0.03,0.0279659866666666,59.55852666666666
638,0.0045,0.03,0.0297672466666666,46.287436666666665
639,0.0045,0.03,0.0316132266666666,43.110166666666665
640,0.0045,0.03,0.0335401933333333,43.86537
641,0.0045,0.03,0.0355189766666666,44.84842333333333
642,0.0045,0.03,0.03751943,45.40617999999999
643,0.0045,0.03,0.03954651,45.73991666666666
644,0.0045,0.03,0.04157355,45.96429666666666
645,0.0045,0.03,0.0436005999999999,46.14488666666668
646,0.0045,0.03,0.0456276766666666,46.30685666666667
647,0.0045,0.03,0.0476547266666666,46.48197
648,0.0045,0.03,0.0498593833333333,45.36209
649,0.0045,0.03,0.0527222233333333,39.96447666666666
650,0.0045,0.03,0.0556941766666666,35.19563333333333
651,0.0045,0.03,0.05870032,31.146916666666662
652,0.0045,0.03,0.0617064266666666,27.704333333333334
653,0.0045,0.03,0.0647125166666666,24.76013666666666
654,0.0045,0.03,0.0676236366666666,22.31589
655,0.0045,0.03,0.0706245,20.12892
656,0.0045,0.03,0.0736305866666666,18.203246666666665
657,0.0045,0.03,0.07663667,16.52089
658,0.0045,0.03,0.0796427,15.05401
659,0.0045,0.03,0.0826486999999999,13.77567
660,0.0045,0.03,0.0856547,12.663103333333336
661,0.0045,0.03,0.0885680933333333,11.72312666666667
662,0.0045,0.03,0.0915664999999999,10.861696666666669
663,0.0045,0.03,0.0945724999999999,10.074678
664,0.0045,0.03,0.0975784999999999,9.362602333333331
665,0.0045,0.03,0.1005844866666666,8.718886333333334
666,0.0045,0.03,0.1035904999999999,8.136873
667,0.0045,0.03,0.1065965,7.610327000000001
668,0.0045,0.03,0.1096025,7.133501
669,0.0045,0.03,0.1126085,6.700921000000002
670,0.0045,0.03,0.1156145,6.307330666666667
671,0.0045,0.03,0.1185711666666666,5.955913999999999
672,0.0045,0.03,0.1216074666666666,5.699042999999999
673,0.0045,0.03,0.1251324999999999,5.626920666666666
674,0.0045,0.03,0.1287307,5.621221666666666
675,0.005,0.03,0.0020448135333333,0.7224673999999999
676,0.005,0.03,0.0064935003333333,0.9294627
677,0.005,0.03,0.0109853636666666,1.4321016666666666
678,0.005,0.03,0.0142384666666666,8.786558333333334
679,0.005,0.03,0.0156364766666666,66.78969666666667
680,0.005,0.03,0.0170840466666666,75.21508666666666
681,0.005,0.03,0.0184782399999999,74.70617333333333
682,0.005,0.03,0.0201473233333333,72.36382
683,0.005,0.03,0.0223466766666666,67.83462666666668
684,0.005,0.03,0.0244548033333333,54.60737
685,0.005,0.03,0.0263883999999999,31.0711
686,0.005,0.03,0.0280975133333333,13.702566666666666
687,0.005,0.03,0.0299244733333333,13.69391
688,0.005,0.03,0.0320587133333333,19.01823333333333
689,0.005,0.03,0.0343144233333333,21.095556666666667
690,0.005,0.03,0.0365700666666666,21.62471333333333
691,0.005,0.03,0.0388257066666666,21.74265666666667
692,0.005,0.03,0.0410813533333333,21.73704
693,0.005,0.03,0.04333701,21.686433333333333
694,0.005,0.03,0.0455926566666666,21.62091333333333
695,0.005,0.03,0.0478483033333333,21.595606666666665
696,0.005,0.03,0.0503323166666666,20.672446666666666
697,0.005,0.03,0.0533224533333333,17.743623333333336
698,0.005,0.03,0.0563309666666666,15.464876666666663
699,0.005,0.03,0.0593394666666666,13.60628
700,0.005,0.03,0.0623479733333333,12.055469999999996
701,0.005,0.03,0.0653565133333333,10.741636666666666
702,0.005,0.03,0.0683650099999999,9.615647666666666
703,0.005,0.03,0.0713734766666666,8.642713333333331
704,0.005,0.03,0.0743819366666666,7.797337999999999
705,0.005,0.03,0.0773903966666666,7.060202666666668
706,0.005,0.03,0.0803222566666666,6.429561999999999
707,0.005,0.03,0.08330692,5.865830000000001
708,0.005,0.03,0.08631532,5.359394
709,0.005,0.03,0.08932371,4.909598
710,0.005,0.03,0.0923320999999999,4.510192333333333
711,0.005,0.03,0.0953405,4.155619333333333
712,0.005,0.03,0.09834889,3.840883666666667
713,0.005,0.03,0.1013573066666666,3.5614956666666666
714,0.005,0.03,0.1043656666666666,3.3134133333333327
715,0.005,0.03,0.1073740666666666,3.092948666666666
716,0.005,0.03,0.1103824666666666,2.896532666666667
717,0.005,0.03,0.1133908666666666,2.7183026666666668
718,0.005,0.03,0.1164906666666666,2.5846213333333337
719,0.005,0.03,0.1200439,2.6853630000000006
720,0.005,0.03,0.1236583333333333,2.788719666666667
721,0.003,0.04,0.0023462790333333,4.602381333333335
722,0.003,0.04,0.0072525096666666,6.495218666666667
723,0.003,0.04,0.012035375,11.186998999999997
724,0.003,0.04,0.0143063099999999,17.499383333333334
725,0.003,0.04,0.0151593666666666,32.08158666666667
726,0.003,0.04,0.0159193966666666,68.52947999999999
727,0.003,0.04,0.0167194299999999,67.91938666666667
728,0.003,0.04,0.0175859966666666,71.24488333333333
729,0.003,0.04,0.0183753366666666,81.84885
730,0.003,0.04,0.01923809,89.97658333333335
731,0.003,0.04,0.02039477,104.60173333333334
732,0.003,0.04,0.0217422233333333,102.55796666666669
733,0.003,0.04,0.0230537566666666,105.3606
734,0.003,0.04,0.02436559,102.62179333333334
735,0.003,0.04,0.02564968,95.21058333333332
736,0.003,0.04,0.0269597433333333,93.01968666666669
737,0.003,0.04,0.0282760033333333,94.30277000000002
738,0.003,0.04,0.0296273966666666,96.32923333333332
739,0.003,0.04,0.0309787666666666,98.22313666666668
740,0.003,0.04,0.0323301466666666,99.93798333333334
741,0.003,0.04,0.0336815266666666,101.45963333333331
742,0.003,0.04,0.0350328633333333,102.81786666666666
743,0.003,0.04,0.0363842466666666,104.10523333333336
744,0.003,0.04,0.0377356333333333,105.38076666666666
745,0.003,0.04,0.03908702,106.65983333333332
746,0.003,0.04,0.0404384066666666,107.92466666666668
747,0.003,0.04,0.0417897933333333,109.20563333333334
748,0.003,0.04,0.0431411766666666,110.52096666666668
749,0.003,0.04,0.0444925633333333,111.87033333333336
750,0.003,0.04,0.0458439533333333,113.2184
751,0.003,0.04,0.0471953166666666,114.56569999999998
752,0.003,0.04,0.0485466699999999,115.9286
753,0.003,0.04,0.0498980199999999,117.31896666666668
754,0.003,0.04,0.0512493733333333,118.7269
755,0.003,0.04,0.0526007266666666,120.2038
756,0.003,0.04,0.0539520733333333,121.81886666666668
757,0.003,0.04,0.05530343,123.60833333333336
758,0.003,0.04,0.0566547766666666,125.6033
759,0.003,0.04,0.0580061299999999,128.0027
760,0.003,0.04,0.0594754066666666,125.5447
761,0.003,0.04,0.06205111,97.24492
762,0.003,0.04,0.0649149699999999,73.34264333333333
763,0.003,0.04,0.0678284033333333,54.49919
764,0.003,0.04,0.0708367933333333,42.10862666666667
765,0.003,0.04,0.0738456733333333,34.23374666666666
766,0.003,0.04,0.0768549666666666,28.85703666666667
767,0.003,0.04,0.0798444133333333,24.930126666666663
768,0.003,0.04,0.0827742433333333,21.99474333333333
769,0.003,0.04,0.0857795933333333,19.80464333333333
770,0.003,0.04,0.08869519,18.15735
771,0.003,0.04,0.0916508899999999,16.999803333333332
772,0.003,0.04,0.09461822,16.073786666666667
773,0.003,0.04,0.0975323266666666,15.168976666666667
774,0.003,0.04,0.1005394766666666,14.23334
775,0.003,0.04,0.1035497333333333,13.294133333333331
776,0.003,0.04,0.1065594999999999,12.386206666666668
777,0.003,0.04,0.1095693,11.529736666666668
778,0.003,0.04,0.1125789666666666,10.737590000000004
779,0.003,0.04,0.1155884,10.014080333333334
780,0.003,0.04,0.1185978999999999,9.356752666666669
781,0.003,0.04,0.1216073666666666,8.758048333333333
782,0.003,0.04,0.1246168333333333,8.208494666666667
783,0.003,0.04,0.1276263333333333,7.703292000000001
784,0.003,0.04,0.1306357333333333,7.241002666666666
785,0.003,0.04,0.1336452,6.819062666666666
786,0.003,0.04,0.1366546333333333,6.433676000000001
787,0.003,0.04,0.1396640666666666,6.079832000000001
788,0.003,0.04,0.1426733333333333,5.746562000000001
789,0.003,0.04,0.1457970666666666,5.489581333333335
790,0.003,0.04,0.1493671333333333,5.503619333333333
791,0.003,0.04,0.1529816333333333,5.531724333333333
792,0.0035,0.04,0.0021646565666666,5.6078633333333325
793,0.0035,0.04,0.006879332,7.871765999999999
794,0.0035,0.04,0.0116318873333333,12.969567999999995
795,0.0035,0.04,0.01427696,20.38341666666667
796,0.0035,0.04,0.0152032833333333,33.586890000000004
797,0.0035,0.04,0.01607939,66.97186333333335
798,0.0035,0.04,0.0170093666666666,66.12743666666667
799,0.0035,0.04,0.01796436,76.59235666666665
800,0.0035,0.04,0.0189446366666666,85.64367333333334
801,0.0035,0.04,0.02017847,98.38520333333332
802,0.0035,0.04,0.0216501166666666,99.65609666666666
803,0.0035,0.04,0.0231973366666666,105.03716666666668
804,0.0035,0.04,0.0247183633333333,105.09750000000004
805,0.0035,0.04,0.0262298066666666,97.22279666666668
806,0.0035,0.04,0.0277268533333333,88.32494666666665
807,0.0035,0.04,0.0292386266666666,84.54326333333334
808,0.0035,0.04,0.0307811833333333,84.49617000000002
809,0.0035,0.04,0.0323163766666666,85.51323000000001
810,0.0035,0.04,0.0338828533333333,86.71848666666666
811,0.0035,0.04,0.0354597666666666,87.83451666666666
812,0.0035,0.04,0.0370366833333333,88.80505333333333
813,0.0035,0.04,0.0386136,89.66947666666667
814,0.0035,0.04,0.04019046,90.4628533333333
815,0.0035,0.04,0.0417673466666666,91.20404
816,0.0035,0.04,0.0433442633333333,91.90274999999998
817,0.0035,0.04,0.04492118,92.57255666666666
818,0.0035,0.04,0.04649809,93.21750666666664
819,0.0035,0.04,0.0480749666666666,93.84134333333336
820,0.0035,0.04,0.0496518366666666,94.44717666666666
821,0.0035,0.04,0.0512287133333333,95.03726333333334
822,0.0035,0.04,0.0528055866666666,95.6132133333333
823,0.0035,0.04,0.0543824566666666,96.17588666666666
824,0.0035,0.04,0.0559593266666666,96.7254
825,0.0035,0.04,0.0575361999999999,97.26104333333336
826,0.0035,0.04,0.0591595199999999,96.90826333333332
827,0.0035,0.04,0.06167417,83.73812666666666
828,0.0035,0.04,0.0645954566666666,70.42872666666668
829,0.0035,0.04,0.06752066,59.238690000000005
830,0.0035,0.04,0.0704919466666666,48.81958333333334
831,0.0035,0.04,0.07340007,40.783166666666666
832,0.0035,0.04,0.0764082399999999,34.404180000000004
833,0.0035,0.04,0.07941691,29.53298333333333
834,0.0035,0.04,0.08242585,25.78033333333333
835,0.0035,0.04,0.0854349866666666,22.820696666666663
836,0.0035,0.04,0.0884443699999999,20.421746666666667
837,0.0035,0.04,0.0913929933333333,18.44241
838,0.0035,0.04,0.0943635566666666,16.808956666666663
839,0.0035,0.04,0.09737383,15.485916666666666
840,0.0035,0.04,0.1003116066666666,14.351953333333332
841,0.0035,0.04,0.1032949,13.384053333333334
842,0.0035,0.04,0.1062919333333333,12.51185333333333
843,0.0035,0.04,0.1092157333333333,11.71209666666667
844,0.0035,0.04,0.112226,10.989756666666665
845,0.0035,0.04,0.1152361666666666,10.32899
846,0.0035,0.04,0.1182461666666666,9.720591666666666
847,0.0035,0.04,0.1212561666666666,9.160808
848,0.0035,0.04,0.1241982,8.657508333333334
849,0.0035,0.04,0.1271758333333333,8.195565666666665
850,0.0035,0.04,0.1301858333333333,7.765706333333333
851,0.0035,0.04,0.1331958333333333,7.358705333333333
852,0.0035,0.04,0.1362056666666666,6.971903
853,0.0035,0.04,0.1392157333333333,6.605679333333333
854,0.0035,0.04,0.142557,6.456820999999999
855,0.0035,0.04,0.1461715333333333,6.497866
856,0.004,0.04,0.0019436857999999,4.895389666666666
857,0.004,0.04,0.0061931689999999,6.564799000000002
858,0.004,0.04,0.0104795709999999,9.726390666666669
859,0.004,0.04,0.0138813366666666,17.12313333333333
860,0.004,0.04,0.0150372433333333,29.598033333333337
861,0.004,0.04,0.01608495,62.39618666666666
862,0.004,0.04,0.01725589,67.45844333333334
863,0.004,0.04,0.0183517966666666,78.79722666666666
864,0.004,0.04,0.01961142,84.67282
865,0.004,0.04,0.0213355133333333,88.85089666666666
866,0.004,0.04,0.0230880666666666,94.0908
867,0.004,0.04,0.02483426,95.12244
868,0.004,0.04,0.0265364033333333,85.05511666666666
869,0.004,0.04,0.0282158033333333,71.58422666666667
870,0.004,0.04,0.0298981333333333,64.30505333333333
871,0.004,0.04,0.0316114966666666,63.00065666666666
872,0.004,0.04,0.0333569533333333,63.750083333333336
873,0.004,0.04,0.0351589033333333,64.83898
874,0.004,0.04,0.0369607433333333,65.74753000000001
875,0.004,0.04,0.0387625733333333,66.40670333333334
876,0.004,0.04,0.0405644033333333,66.89897666666667
877,0.004,0.04,0.0423662333333333,67.30154333333333
878,0.004,0.04,0.04416806,67.66144
879,0.004,0.04,0.0459698933333333,67.99834333333332
880,0.004,0.04,0.0477717,68.31799333333333
881,0.004,0.04,0.0495735066666666,68.62554666666666
882,0.004,0.04,0.0513753099999999,68.92104666666667
883,0.004,0.04,0.05317711,69.20446333333332
884,0.004,0.04,0.05497891,69.47787666666666
885,0.004,0.04,0.05678071,69.74340000000001
886,0.004,0.04,0.0585831,69.99073333333334
887,0.004,0.04,0.0610235633333333,64.13230666666666
888,0.004,0.04,0.06395669,55.440196666666665
889,0.004,0.04,0.0669330933333333,48.449113333333344
890,0.004,0.04,0.0698573533333333,42.44687
891,0.004,0.04,0.0728424233333333,36.84714
892,0.004,0.04,0.0758094466666667,31.99789
893,0.004,0.04,0.0787519766666666,28.08433
894,0.004,0.04,0.0817570133333333,24.70853333333333
895,0.004,0.04,0.08476224,21.9277
896,0.004,0.04,0.08776766,19.632836666666662
897,0.004,0.04,0.09077326,17.728569999999998
898,0.004,0.04,0.0937789366666666,16.134359999999997
899,0.004,0.04,0.0967846433333333,14.778463333333333
900,0.004,0.04,0.0997905099999999,13.60467
901,0.004,0.04,0.1027964666666666,12.57120333333333
902,0.004,0.04,0.1057671333333333,11.659446666666668
903,0.004,0.04,0.1087081,10.851423333333331
904,0.004,0.04,0.1117142333333333,10.131724333333333
905,0.004,0.04,0.1147204,9.496337999999998
906,0.004,0.04,0.1177268,8.930095666666666
907,0.004,0.04,0.1207332666666666,8.419762666666665
908,0.004,0.04,0.1237294666666666,7.9505816666666655
909,0.004,0.04,0.1266463,7.525320333333332
910,0.004,0.04,0.129653,7.137747666666668
911,0.004,0.04,0.1326594333333333,6.781378333333333
912,0.004,0.04,0.1357365333333333,6.493869333333334
913,0.004,0.04,0.139228,6.479210333333331
914,0.004,0.04,0.1427643333333333,6.530579333333334
915,0.0045,0.04,0.0019320815333333,3.153066000000001
916,0.0045,0.04,0.0061715196666666,4.176541333333334
917,0.0045,0.04,0.0104431976666666,6.157950333333335
918,0.0045,0.04,0.0138892033333333,11.208590000000004
919,0.0045,0.04,0.01506803,35.81485
920,0.0045,0.04,0.01608291,75.54885666666665
921,0.0045,0.04,0.0173347466666666,76.37682333333332
922,0.0045,0.04,0.0185539333333333,80.52460999999998
923,0.0045,0.04,0.0200951666666666,81.40529999999998
924,0.0045,0.04,0.0220814733333333,85.07018
925,0.0045,0.04,0.0240288466666666,86.82917333333334
926,0.0045,0.04,0.0259172466666666,71.47093999999998
927,0.0045,0.04,0.0277273766666666,50.26719333333334
928,0.0045,0.04,0.02950506,39.62845000000001
929,0.0045,0.04,0.03134837,38.86045333333333
930,0.0045,0.04,0.0332812866666666,40.84356
931,0.0045,0.04,0.0353063533333333,42.26557666666668
932,0.0045,0.04,0.03733344,42.94630333333334
933,0.0045,0.04,0.0393605133333333,43.29104
934,0.0045,0.04,0.0413875333333333,43.50703666666667
935,0.0045,0.04,0.0434146133333333,43.67536
936,0.0045,0.04,0.04544169,43.824110000000005
937,0.0045,0.04,0.0474687466666666,43.96221333333334
938,0.0045,0.04,0.0494957666666666,44.092666666666666
939,0.0045,0.04,0.0515227933333333,44.21656
940,0.0045,0.04,0.0535498233333333,44.334673333333335
941,0.0045,0.04,0.05557685,44.446280000000016
942,0.0045,0.04,0.0576038766666666,44.57360333333334
943,0.0045,0.04,0.0598085466666666,43.50755
944,0.0045,0.04,0.0627373633333333,38.26721666666666
945,0.0045,0.04,0.0656925533333333,33.67131333333333
946,0.0045,0.04,0.0686494666666666,29.70537
947,0.0045,0.04,0.07165562,26.10589333333333
948,0.0045,0.04,0.07466175,22.990156666666667
949,0.0045,0.04,0.07760765,20.43196
950,0.0045,0.04,0.08057391,18.25817
951,0.0045,0.04,0.0835801266666666,16.34789333333333
952,0.0045,0.04,0.0865863566666666,14.709086666666668
953,0.0045,0.04,0.0895925833333333,13.305563333333332
954,0.0045,0.04,0.0925988,12.101016666666668
955,0.0045,0.04,0.0956050233333333,11.062753333333337
956,0.0045,0.04,0.09861132,10.162503333333335
957,0.0045,0.04,0.1015442333333333,9.393833
958,0.0045,0.04,0.104524,8.704467999999999
959,0.0045,0.04,0.1075304666666666,8.084576333333334
960,0.0045,0.04,0.1105370999999999,7.531544666666666
961,0.0045,0.04,0.1135319333333333,7.039820333333333
962,0.0045,0.04,0.1164503333333333,6.605456333333334
963,0.0045,0.04,0.1194572666666666,6.207720666666668
964,0.0045,0.04,0.1224642666666666,5.853435666666667
965,0.0045,0.04,0.1254713999999999,5.537895333333334
966,0.0045,0.04,0.1284786,5.255661333333334
967,0.0045,0.04,0.1316274666666666,5.072848666666668
968,0.0045,0.04,0.1351243666666666,5.122418666666666
969,0.0045,0.04,0.1387067333333333,5.218194
970,0.005,0.04,0.0020510525666666,0.6391817999999999
971,0.005,0.04,0.0064940966666666,0.8208523666666667
972,0.005,0.04,0.010982098,1.2579754999999997
973,0.005,0.04,0.0142372566666666,7.798499
974,0.005,0.04,0.0156645266666666,66.82907000000002
975,0.005,0.04,0.0171121433333333,74.81148333333334
976,0.005,0.04,0.0185456433333333,74.04236999999999
977,0.005,0.04,0.0203180033333333,72.05985000000003
978,0.005,0.04,0.0225157933333333,66.69089333333332
979,0.005,0.04,0.0246083133333333,52.049870000000006
980,0.005,0.04,0.02651171,28.37436333333333
981,0.005,0.04,0.0281701666666666,11.235605666666665
982,0.005,0.04,0.0299903333333333,12.330562333333331
983,0.005,0.04,0.03213865,18.32102
984,0.005,0.04,0.0343901133333333,20.463706666666667
985,0.005,0.04,0.0366415433333333,20.982383333333328
986,0.005,0.04,0.0388929799999999,21.06347333333333
987,0.005,0.04,0.0411444166666666,21.002460000000003
988,0.005,0.04,0.0433958499999999,20.87361333333333
989,0.005,0.04,0.0456472833333333,20.706456666666668
990,0.005,0.04,0.0478987066666666,20.521423333333328
991,0.005,0.04,0.0501501133333333,20.332283333333333
992,0.005,0.04,0.05240152,20.144713333333332
993,0.005,0.04,0.0546529266666666,19.958276666666663
994,0.005,0.04,0.0569043333333333,19.77696333333333
995,0.005,0.04,0.0591852133333333,19.647676666666666
996,0.005,0.04,0.0619971266666666,17.01795
997,0.005,0.04,0.0650057733333333,14.36338
998,0.005,0.04,0.0680144633333333,12.367553333333335
999,0.005,0.04,0.07095158,10.81342
1000,0.005,0.04,0.0739315433333333,9.552087666666669
1001,0.005,0.04,0.0769402366666666,8.482820666666667
1002,0.005,0.04,0.07994888,7.583181666666666
1003,0.005,0.04,0.0829574933333333,6.819473666666666
1004,0.005,0.04,0.08596611,6.167017
1005,0.005,0.04,0.0889747233333333,5.6068256666666665
1006,0.005,0.04,0.0919833466666666,5.123882
1007,0.005,0.04,0.094992,4.705958666666667
1008,0.005,0.04,0.09800081,4.342959333333334
1009,0.005,0.04,0.1010096666666666,4.026539666666666
1010,0.005,0.04,0.1040184999999999,3.7497003333333336
1011,0.005,0.04,0.1070273333333333,3.506501333333333
1012,0.005,0.04,0.1100361333333333,3.291837666666667
1013,0.005,0.04,0.1130450333333333,3.1013826666666664
1014,0.005,0.04,0.1160538666666666,2.931557333333333
1015,0.005,0.04,0.1190626666666666,2.779322333333333
1016,0.005,0.04,0.1220715666666666,2.6413106666666666
1017,0.005,0.04,0.1250810333333333,2.503893
1018,0.005,0.04,0.1284123333333333,2.5345896666666667
1019,0.005,0.04,0.1319163666666666,2.666145
1020,0.003,0.05,0.0023493622666666,1.2011091333333332
1021,0.003,0.05,0.007257202,1.88115
1022,0.003,0.05,0.0120990946666666,2.628695
1023,0.003,0.05,0.0144190233333333,4.634227666666666
1024,0.003,0.05,0.0153923533333333,6.267895666666665
1025,0.003,0.05,0.0163631866666666,8.475800333333332
1026,0.003,0.05,0.0173327566666666,13.980683333333335
1027,0.003,0.05,0.0183302599999999,31.47759333333333
1028,0.003,0.05,0.01960775,33.99934
1029,0.003,0.05,0.02095791,28.920613333333336
1030,0.003,0.05,0.02230806,26.70864333333333
1031,0.003,0.05,0.02365823,22.86611
1032,0.003,0.05,0.0250083766666666,17.2867
1033,0.003,0.05,0.0263585433333333,13.248573333333333
1034,0.003,0.05,0.02770869,11.372473333333335
1035,0.003,0.05,0.02905885,10.776983333333336
1036,0.003,0.05,0.030409,10.907150000000003
1037,0.003,0.05,0.03175913,11.345516666666668
1038,0.003,0.05,0.0331092433333333,12.120093333333331
1039,0.003,0.05,0.0344593533333333,12.885813333333338
1040,0.003,0.05,0.0358094666666666,13.529256666666663
1041,0.003,0.05,0.0371595766666666,14.06891
1042,0.003,0.05,0.0385096866666666,14.535693333333333
1043,0.003,0.05,0.0398598066666666,14.945656666666666
1044,0.003,0.05,0.04120992,15.310879999999996
1045,0.003,0.05,0.0425600333333333,15.643446666666668
1046,0.003,0.05,0.0439101466666666,15.947136666666667
1047,0.003,0.05,0.0452602566666666,16.227823333333333
1048,0.003,0.05,0.0466103866666666,16.489866666666664
1049,0.003,0.05,0.0479605333333333,16.73453
1050,0.003,0.05,0.04931066,16.964106666666666
1051,0.003,0.05,0.0506607933333333,17.18380666666667
1052,0.003,0.05,0.0520109333333333,17.395213333333334
1053,0.003,0.05,0.0533610599999999,17.603026666666665
1054,0.003,0.05,0.0547112,17.808646666666668
1055,0.003,0.05,0.05606134,18.01501
1056,0.003,0.05,0.0574114666666666,18.227953333333332
1057,0.003,0.05,0.0587616066666666,18.437796666666667
1058,0.003,0.05,0.06011174,18.64067333333333
1059,0.003,0.05,0.06146187,18.847786666666668
1060,0.003,0.05,0.0628119966666666,19.069849999999995
1061,0.003,0.05,0.0641620066666666,19.31072
1062,0.003,0.05,0.0655121,19.55433333333333
1063,0.003,0.05,0.0668621,19.800906666666663
1064,0.003,0.05,0.0682758033333333,20.577350000000006
1065,0.003,0.05,0.0708505466666666,19.99221333333333
1066,0.003,0.05,0.07386116,15.729170000000003
1067,0.003,0.05,0.0768717833333333,12.878710000000002
1068,0.003,0.05,0.0798823799999999,10.851446666666668
1069,0.003,0.05,0.0828929733333333,9.324366
1070,0.003,0.05,0.0859035633333333,8.126968333333334
1071,0.003,0.05,0.0889141566666666,7.155664999999999
1072,0.003,0.05,0.0919247466666666,6.343706000000001
1073,0.003,0.05,0.0949354666666666,5.6402443333333325
1074,0.003,0.05,0.0979462833333333,4.986129666666666
1075,0.003,0.05,0.1009570966666666,4.302002333333334
1076,0.003,0.05,0.1039679,3.615453
1077,0.003,0.05,0.1069787333333333,3.0801763333333327
1078,0.003,0.05,0.1099894666666666,2.7682076666666666
1079,0.003,0.05,0.1130000333333333,2.631455666666667
1080,0.003,0.05,0.1160106666666666,2.589865333333333
1081,0.003,0.05,0.1190212333333333,2.584280333333334
1082,0.003,0.05,0.1220318333333333,2.579234333333333
1083,0.003,0.05,0.1250424333333333,2.558747666666667
1084,0.003,0.05,0.1280531666666666,2.532901
1085,0.003,0.05,0.1310639333333333,2.506181
1086,0.003,0.05,0.1340747666666666,2.4761213333333334
1087,0.003,0.05,0.1370855,2.436058
1088,0.003,0.05,0.1400962333333333,2.387188333333333
1089,0.003,0.05,0.1431068333333333,2.3316980000000003
1090,0.003,0.05,0.1461174,2.271076666666666
1091,0.003,0.05,0.1491280333333333,2.206751333333333
1092,0.003,0.05,0.1521385999999999,2.142558
1093,0.003,0.05,0.1553188999999999,2.0452976666666665
1094,0.003,0.05,0.1589146,2.026376333333334
1095,0.003,0.05,0.1625290333333333,2.0305973333333336
1096,0.0035,0.05,0.002277201,5.133060333333333
1097,0.0035,0.05,0.0070388483333333,6.984514333333332
1098,0.0035,0.05,0.0117828566666666,11.647608666666663
1099,0.0035,0.05,0.01434208,17.806289999999997
1100,0.0035,0.05,0.0152378399999999,37.96431666666667
1101,0.0035,0.05,0.0161452933333333,64.35429666666667
1102,0.0035,0.05,0.0171762866666666,67.48655666666666
1103,0.0035,0.05,0.0181229733333333,78.84281000000001
1104,0.0035,0.05,0.0191311533333333,85.78239333333333
1105,0.0035,0.05,0.0204953166666666,95.26552
1106,0.0035,0.05,0.0220301666666666,97.28781333333332
1107,0.0035,0.05,0.02357226,101.56296666666668
1108,0.0035,0.05,0.0250864,97.06468666666666
1109,0.0035,0.05,0.0265709633333333,86.05401333333336
1110,0.0035,0.05,0.0280641366666666,78.76183999999999
1111,0.0035,0.05,0.0295783999999999,77.41347999999999
1112,0.0035,0.05,0.0311097733333333,78.36877666666665
1113,0.0035,0.05,0.0326854833333333,79.75193999999998
1114,0.0035,0.05,0.03426117,80.90192666666667
1115,0.0035,0.05,0.0358368533333333,81.88387666666667
1116,0.0035,0.05,0.0374125433333333,82.69794
1117,0.0035,0.05,0.0389881866666666,83.40938999999999
1118,0.0035,0.05,0.04056381,84.05772666666667
1119,0.0035,0.05,0.0421394966666666,84.66870666666667
1120,0.0035,0.05,0.0437151799999999,85.25341333333334
1121,0.0035,0.05,0.0452908666666666,85.81720333333334
1122,0.0035,0.05,0.0468665366666666,86.36245000000001
1123,0.0035,0.05,0.0484421666666666,86.89064000000003
1124,0.0035,0.05,0.0500177966666666,87.40183666666667
1125,0.0035,0.05,0.05159343,87.89545666666666
1126,0.0035,0.05,0.0531690566666666,88.37078666666666
1127,0.0035,0.05,0.05474469,88.82678666666668
1128,0.0035,0.05,0.0563203199999999,89.26115000000001
1129,0.0035,0.05,0.05789595,89.66877666666667
1130,0.0035,0.05,0.0594715766666666,90.05283666666666
1131,0.0035,0.05,0.06104721,90.41378666666668
1132,0.0035,0.05,0.06262285,90.75149333333334
1133,0.0035,0.05,0.06419853,91.06604
1134,0.0035,0.05,0.06577422,91.35828666666666
1135,0.0035,0.05,0.0673499,91.63362666666669
1136,0.0035,0.05,0.0689428633333333,91.58723333333334
1137,0.0035,0.05,0.0713577066666666,80.64673
1138,0.0035,0.05,0.0742682833333333,67.84507333333333
1139,0.0035,0.05,0.0771824533333333,56.93925666666666
1140,0.0035,0.05,0.0801349033333333,46.75213666666666
1141,0.0035,0.05,0.0830685566666666,38.92415666666667
1142,0.0035,0.05,0.0860769666666666,32.71548666666667
1143,0.0035,0.05,0.0890856766666666,28.050690000000007
1144,0.0035,0.05,0.0920946666666666,24.46888
1145,0.0035,0.05,0.0951039133333333,21.65298333333333
1146,0.0035,0.05,0.0981134366666666,19.37179
1147,0.0035,0.05,0.10103766,17.507953333333333
1148,0.0035,0.05,0.104033,15.98783
1149,0.0035,0.05,0.1070216,14.741460000000002
1150,0.0035,0.05,0.1099540666666666,13.67061
1151,0.0035,0.05,0.1129474666666666,12.77685
1152,0.0035,0.05,0.1158762,11.968353333333337
1153,0.0035,0.05,0.1188871666666666,11.26072
1154,0.0035,0.05,0.1218445333333333,10.599343333333332
1155,0.0035,0.05,0.1248080666666666,9.997554666666668
1156,0.0035,0.05,0.1278184666666666,9.444946666666665
1157,0.0035,0.05,0.1308288333333333,8.927604666666667
1158,0.0035,0.05,0.1338388333333333,8.434443333333332
1159,0.0035,0.05,0.1368489,7.968132999999999
1160,0.0035,0.05,0.1398587333333333,7.532945666666667
1161,0.0035,0.05,0.1428683333333333,7.128846999999999
1162,0.0035,0.05,0.1458777666666666,6.753598
1163,0.0035,0.05,0.1488870333333333,6.399789
1164,0.0035,0.05,0.1521689666666666,6.226453
1165,0.0035,0.05,0.1557564,6.265811000000001
1166,0.004,0.05,0.0019435047,4.333123666666666
1167,0.004,0.05,0.0061931489999999,5.809542666666666
1168,0.004,0.05,0.0104795293333333,8.610981
1169,0.004,0.05,0.0138814799999999,15.33717666666667
1170,0.004,0.05,0.0150667966666666,35.85262
1171,0.004,0.05,0.0161272966666666,73.79805000000002
1172,0.004,0.05,0.0172506233333333,71.53087
1173,0.004,0.05,0.0183174766666666,80.91139333333334
1174,0.004,0.05,0.0195540566666666,83.84032666666667
1175,0.004,0.05,0.0212427766666666,87.13889333333334
1176,0.004,0.05,0.02301922,92.44237333333332
1177,0.004,0.05,0.0247485966666666,90.66505333333336
1178,0.004,0.05,0.0264283966666666,76.87702333333333
1179,0.004,0.05,0.0280852733333333,62.664026666666665
1180,0.004,0.05,0.0297480199999999,57.11628666666666
1181,0.004,0.05,0.0314629899999999,57.13241333333333
1182,0.004,0.05,0.0332001233333333,58.43777
1183,0.004,0.05,0.0350009466666666,59.61299666666666
1184,0.004,0.05,0.0368017133333333,60.36448666666666
1185,0.004,0.05,0.0386024766666666,60.877186666666674
1186,0.004,0.05,0.0404032099999999,61.27710666666667
1187,0.004,0.05,0.0422039633333333,61.62210666666667
1188,0.004,0.05,0.0440047333333333,61.93682
1189,0.004,0.05,0.0458055,62.23038333333333
1190,0.004,0.05,0.04760624,62.508743333333335
1191,0.004,0.05,0.04940696,62.77378333333333
1192,0.004,0.05,0.05120768,63.02377333333334
1193,0.004,0.05,0.0530083999999999,63.25816999999999
1194,0.004,0.05,0.05480912,63.47715000000001
1195,0.004,0.05,0.05660984,63.68255333333333
1196,0.004,0.05,0.05841056,63.87497666666666
1197,0.004,0.05,0.06021128,64.05344
1198,0.004,0.05,0.0620120033333333,64.21717666666666
1199,0.004,0.05,0.0638127633333333,64.36600999999999
1200,0.004,0.05,0.0656135533333333,64.50060333333333
1201,0.004,0.05,0.06741434,64.63115666666667
1202,0.004,0.05,0.0692951833333333,64.01248666666666
1203,0.004,0.05,0.0719794766666666,56.75649666666666
1204,0.004,0.05,0.0749374966666666,49.38535
1205,0.004,0.05,0.0778659966666666,43.08181666666667
1206,0.004,0.05,0.0808059733333333,37.070980000000006
1207,0.004,0.05,0.0837750566666666,31.70787
1208,0.004,0.05,0.0867666166666666,27.23231333333333
1209,0.004,0.05,0.0896846866666666,23.86068333333333
1210,0.004,0.05,0.0926898433333333,21.002336666666665
1211,0.004,0.05,0.09569514,18.664863333333336
1212,0.004,0.05,0.0987005766666666,16.745169999999998
1213,0.004,0.05,0.1017061999999999,15.145630000000002
1214,0.004,0.05,0.1047119333333333,13.792163333333333
1215,0.004,0.05,0.1077178,12.62694
1216,0.004,0.05,0.1106668333333333,11.62095
1217,0.004,0.05,0.1136298,10.753766666666666
1218,0.004,0.05,0.1166361666666666,10.013630666666668
1219,0.004,0.05,0.1196428,9.375387333333332
1220,0.004,0.05,0.1226380333333333,8.805059
1221,0.004,0.05,0.1255565666666666,8.291716333333333
1222,0.004,0.05,0.1285640666666666,7.861259666666668
1223,0.004,0.05,0.1315473,7.464398
1224,0.004,0.05,0.1344792666666666,7.087217000000001
1225,0.004,0.05,0.1374867,6.745981333333334
1226,0.004,0.05,0.1404939,6.417369333333332
1227,0.004,0.05,0.1435007666666666,6.091367000000002
1228,0.004,0.05,0.1466077,5.872483999999998
1229,0.004,0.05,0.1501532,5.907887333333335
1230,0.004,0.05,0.1537676666666667,5.954435333333334
1231,0.0045,0.05,0.0019318657666666,2.858463666666667
1232,0.0045,0.05,0.0061715083333333,3.787039666666667
1233,0.0045,0.05,0.0104431996666666,5.586927999999999
1234,0.0045,0.05,0.0138872433333333,10.473005666666667
1235,0.0045,0.05,0.0150432733333333,35.57099666666667
1236,0.0045,0.05,0.0160596533333333,75.59880666666668
1237,0.0045,0.05,0.0173113766666666,76.18251000000001
1238,0.0045,0.05,0.0185305466666666,79.98694666666667
1239,0.0045,0.05,0.0200716466666666,80.48003333333332
1240,0.0045,0.05,0.0220553466666666,83.80811000000001
1241,0.0045,0.05,0.0240004266666666,83.68605666666666
1242,0.0045,0.05,0.0258713,65.61168
1243,0.0045,0.05,0.0276535166666666,44.70320666666667
1244,0.0045,0.05,0.0294174466666666,35.928473333333336
1245,0.0045,0.05,0.03126246,36.53515333333333
1246,0.0045,0.05,0.0332059733333333,38.85624
1247,0.0045,0.05,0.03521986,40.150446666666674
1248,0.0045,0.05,0.0372469433333333,40.70482333333334
1249,0.0045,0.05,0.0392739933333333,40.970566666666656
1250,0.0045,0.05,0.0413010433333333,41.137473333333325
1251,0.0045,0.05,0.0433281233333333,41.26974666666667
1252,0.0045,0.05,0.0453552,41.38929
1253,0.0045,0.05,0.0473822499999999,41.50233
1254,0.0045,0.05,0.0494092833333333,41.60976333333333
1255,0.0045,0.05,0.0514363099999999,41.71053
1256,0.0045,0.05,0.05346334,41.80309333333333
1257,0.0045,0.05,0.05549036,41.88569333333333
1258,0.0045,0.05,0.0575173866666666,41.95776
1259,0.0045,0.05,0.0595444166666666,42.01998
1260,0.0045,0.05,0.0615714499999999,42.07328666666667
1261,0.0045,0.05,0.0635985,42.11852666666666
1262,0.0045,0.05,0.0656255833333333,42.15689
1263,0.0045,0.05,0.06765266,42.21543666666667
1264,0.0045,0.05,0.0698624033333333,41.08697666666668
1265,0.0045,0.05,0.0727184866666666,36.31534666666666
1266,0.0045,0.05,0.07572446,31.84807
1267,0.0045,0.05,0.0786449566666666,27.951546666666665
1268,0.0045,0.05,0.08163593,24.24311
1269,0.0045,0.05,0.0846313133333333,21.000826666666665
1270,0.0045,0.05,0.0875477,18.479983333333333
1271,0.0045,0.05,0.0905537,16.271649999999998
1272,0.0045,0.05,0.0935598533333333,14.434543333333332
1273,0.0045,0.05,0.09656608,12.916373333333333
1274,0.0045,0.05,0.0995723966666666,11.651883333333334
1275,0.0045,0.05,0.1025788666666666,10.585583333333334
1276,0.0045,0.05,0.1055853333333333,9.675759666666666
1277,0.0045,0.05,0.108592,8.892424333333334
1278,0.0045,0.05,0.1115987333333333,8.214075333333334
1279,0.0045,0.05,0.1146056333333333,7.623901666666668
1280,0.0045,0.05,0.1176125333333333,7.108034
1281,0.0045,0.05,0.1206196333333333,6.655516333333333
1282,0.0045,0.05,0.1236268666666666,6.2577213333333335
1283,0.0045,0.05,0.1266342666666666,5.906248333333334
1284,0.0045,0.05,0.1296364666666666,5.590796999999999
1285,0.0045,0.05,0.1325496333333333,5.309231999999999
1286,0.0045,0.05,0.1355578333333333,5.0692010000000005
1287,0.0045,0.05,0.1385660666666666,4.850833
1288,0.0045,0.05,0.1416920333333333,4.710831666666666
1289,0.0045,0.05,0.1452,4.799806
1290,0.0045,0.05,0.1488149333333333,4.907032333333333
